{
"meta":{"test_sets":[],"test_metrics":[],"learn_metrics":[{"best_value":"Min","name":"Logloss"}],"launch_mode":"Train","parameters":"","iteration_count":1000,"learn_sets":["learn"],"name":"experiment"},
"iterations":[
{"learn":[0.6643606504],"iteration":0,"passed_time":0.02285071611,"remaining_time":22.8278654},
{"learn":[0.6304966919],"iteration":1,"passed_time":0.02616816628,"remaining_time":13.05791497},
{"learn":[0.6020331822],"iteration":2,"passed_time":0.02942911444,"remaining_time":9.780275698},
{"learn":[0.5744042019],"iteration":3,"passed_time":0.03248102951,"remaining_time":8.087776349},
{"learn":[0.5506699445],"iteration":4,"passed_time":0.03577176686,"remaining_time":7.118581605},
{"learn":[0.5276756782],"iteration":5,"passed_time":0.03881490486,"remaining_time":6.430335905},
{"learn":[0.5053735902],"iteration":6,"passed_time":0.04203980367,"remaining_time":5.963646435},
{"learn":[0.4862339671],"iteration":7,"passed_time":0.04503417496,"remaining_time":5.584237695},
{"learn":[0.4649238279],"iteration":8,"passed_time":0.0481234723,"remaining_time":5.298929005},
{"learn":[0.4461601193],"iteration":9,"passed_time":0.05134840924,"remaining_time":5.083492515},
{"learn":[0.4291489369],"iteration":10,"passed_time":0.05444426204,"remaining_time":4.895034105},
{"learn":[0.4090947125],"iteration":11,"passed_time":0.05841954249,"remaining_time":4.809875665},
{"learn":[0.3944759353],"iteration":12,"passed_time":0.06219139289,"remaining_time":4.721761906},
{"learn":[0.3813234126],"iteration":13,"passed_time":0.06615083146,"remaining_time":4.658908559},
{"learn":[0.3676362483],"iteration":14,"passed_time":0.07004555428,"remaining_time":4.599658064},
{"learn":[0.3560788247],"iteration":15,"passed_time":0.07408682578,"remaining_time":4.556339786},
{"learn":[0.3457051092],"iteration":16,"passed_time":0.07785534626,"remaining_time":4.501870905},
{"learn":[0.3364408581],"iteration":17,"passed_time":0.08219110177,"remaining_time":4.483981219},
{"learn":[0.3277596837],"iteration":18,"passed_time":0.08569076225,"remaining_time":4.424349356},
{"learn":[0.3210138767],"iteration":19,"passed_time":0.08853098872,"remaining_time":4.338018447},
{"learn":[0.3094915132],"iteration":20,"passed_time":0.09145160221,"remaining_time":4.263386598},
{"learn":[0.3033193335],"iteration":21,"passed_time":0.09459810517,"remaining_time":4.205315766},
{"learn":[0.2969360214],"iteration":22,"passed_time":0.09775800378,"remaining_time":4.152589987},
{"learn":[0.2867393046],"iteration":23,"passed_time":0.1010352745,"remaining_time":4.108767829},
{"learn":[0.2819464823],"iteration":24,"passed_time":0.1045798933,"remaining_time":4.07861584},
{"learn":[0.2765971876],"iteration":25,"passed_time":0.1079126635,"remaining_time":4.042574395},
{"learn":[0.2719913185],"iteration":26,"passed_time":0.1108448819,"remaining_time":3.994521114},
{"learn":[0.2649227386],"iteration":27,"passed_time":0.1136100502,"remaining_time":3.943891743},
{"learn":[0.2611538869],"iteration":28,"passed_time":0.1163626832,"remaining_time":3.896143634},
{"learn":[0.257019671],"iteration":29,"passed_time":0.1190937438,"remaining_time":3.850697716},
{"learn":[0.2537276332],"iteration":30,"passed_time":0.1220456511,"remaining_time":3.814910836},
{"learn":[0.2505671764],"iteration":31,"passed_time":0.1250844001,"remaining_time":3.783803105},
{"learn":[0.246313353],"iteration":32,"passed_time":0.1279988334,"remaining_time":3.750753693},
{"learn":[0.2425832651],"iteration":33,"passed_time":0.1307999224,"remaining_time":3.71625662},
{"learn":[0.2399883772],"iteration":34,"passed_time":0.1337066607,"remaining_time":3.686483645},
{"learn":[0.2369175654],"iteration":35,"passed_time":0.1369493731,"remaining_time":3.667199879},
{"learn":[0.2338438471],"iteration":36,"passed_time":0.1400433811,"remaining_time":3.644912866},
{"learn":[0.2304877287],"iteration":37,"passed_time":0.1429522934,"remaining_time":3.618950165},
{"learn":[0.2251646392],"iteration":38,"passed_time":0.1459015074,"remaining_time":3.595162784},
{"learn":[0.2226078258],"iteration":39,"passed_time":0.1488904668,"remaining_time":3.573371204},
{"learn":[0.2203477795],"iteration":40,"passed_time":0.1518042588,"remaining_time":3.550738638},
{"learn":[0.2176670328],"iteration":41,"passed_time":0.1546837128,"remaining_time":3.52826183},
{"learn":[0.2130436549],"iteration":42,"passed_time":0.1575890881,"remaining_time":3.507273426},
{"learn":[0.2108732506],"iteration":43,"passed_time":0.1605339615,"remaining_time":3.487965164},
{"learn":[0.2070483052],"iteration":44,"passed_time":0.1635607377,"remaining_time":3.471122323},
{"learn":[0.2032693316],"iteration":45,"passed_time":0.1664905004,"remaining_time":3.452868204},
{"learn":[0.1998332976],"iteration":46,"passed_time":0.1693664074,"remaining_time":3.434174176},
{"learn":[0.1971341537],"iteration":47,"passed_time":0.1721217761,"remaining_time":3.413748559},
{"learn":[0.1956292013],"iteration":48,"passed_time":0.1749148594,"remaining_time":3.394776148},
{"learn":[0.1941460569],"iteration":49,"passed_time":0.1779009445,"remaining_time":3.380117946},
{"learn":[0.1922486959],"iteration":50,"passed_time":0.1809767285,"remaining_time":3.367586575},
{"learn":[0.1906676556],"iteration":51,"passed_time":0.1837347914,"remaining_time":3.349626581},
{"learn":[0.1891118934],"iteration":52,"passed_time":0.1864473044,"remaining_time":3.331426364},
{"learn":[0.1861563836],"iteration":53,"passed_time":0.1892217508,"remaining_time":3.314884746},
{"learn":[0.185174991],"iteration":54,"passed_time":0.1919705866,"remaining_time":3.298403715},
{"learn":[0.1824759406],"iteration":55,"passed_time":0.1948706517,"remaining_time":3.284962414},
{"learn":[0.1811234387],"iteration":56,"passed_time":0.1976243367,"remaining_time":3.26946929},
{"learn":[0.1787368611],"iteration":57,"passed_time":0.2003662889,"remaining_time":3.254224898},
{"learn":[0.1758621857],"iteration":58,"passed_time":0.2031390628,"remaining_time":3.2398959},
{"learn":[0.1748863591],"iteration":59,"passed_time":0.2058798217,"remaining_time":3.22545054},
{"learn":[0.1734918118],"iteration":60,"passed_time":0.2087643116,"remaining_time":3.213601452},
{"learn":[0.1721470883],"iteration":61,"passed_time":0.2117178663,"remaining_time":3.203086429},
{"learn":[0.1696920638],"iteration":62,"passed_time":0.2146731002,"remaining_time":3.192836427},
{"learn":[0.1679645959],"iteration":63,"passed_time":0.2175178857,"remaining_time":3.181199078},
{"learn":[0.1671847672],"iteration":64,"passed_time":0.2205847804,"remaining_time":3.173027225},
{"learn":[0.1659276093],"iteration":65,"passed_time":0.2234506375,"remaining_time":3.162165083},
{"learn":[0.1641918158],"iteration":66,"passed_time":0.2261529003,"remaining_time":3.149263523},
{"learn":[0.1624149729],"iteration":67,"passed_time":0.2288947723,"remaining_time":3.137204821},
{"learn":[0.1605834345],"iteration":68,"passed_time":0.2316143703,"remaining_time":3.125115633},
{"learn":[0.1588626881],"iteration":69,"passed_time":0.2343316539,"remaining_time":3.113263402},
{"learn":[0.1578144833],"iteration":70,"passed_time":0.2372258376,"remaining_time":3.103983143},
{"learn":[0.1557560949],"iteration":71,"passed_time":0.2399525989,"remaining_time":3.092722385},
{"learn":[0.1545224356],"iteration":72,"passed_time":0.2428516926,"remaining_time":3.083883822},
{"learn":[0.153631122],"iteration":73,"passed_time":0.245624064,"remaining_time":3.073620045},
{"learn":[0.1527481555],"iteration":74,"passed_time":0.2483967472,"remaining_time":3.063559882},
{"learn":[0.1517698901],"iteration":75,"passed_time":0.2511197817,"remaining_time":3.053087872},
{"learn":[0.1503811947],"iteration":76,"passed_time":0.2540095661,"remaining_time":3.044815968},
{"learn":[0.1490895448],"iteration":77,"passed_time":0.2567532317,"remaining_time":3.034954867},
{"learn":[0.1480684176],"iteration":78,"passed_time":0.2595469361,"remaining_time":3.025857319},
{"learn":[0.1469783434],"iteration":79,"passed_time":0.262352454,"remaining_time":3.017053221},
{"learn":[0.1455852605],"iteration":80,"passed_time":0.2651345254,"remaining_time":3.008131221},
{"learn":[0.144738727],"iteration":81,"passed_time":0.2680592298,"remaining_time":3.000955768},
{"learn":[0.1437596252],"iteration":82,"passed_time":0.2710007157,"remaining_time":2.994068148},
{"learn":[0.1430378843],"iteration":83,"passed_time":0.2739527034,"remaining_time":2.987389004},
{"learn":[0.1424174535],"iteration":84,"passed_time":0.2770170628,"remaining_time":2.982007206},
{"learn":[0.1418051593],"iteration":85,"passed_time":0.2799517764,"remaining_time":2.975301438},
{"learn":[0.1409895141],"iteration":86,"passed_time":0.2831199111,"remaining_time":2.97113194},
{"learn":[0.1403300552],"iteration":87,"passed_time":0.28582487,"remaining_time":2.962185017},
{"learn":[0.139148408],"iteration":88,"passed_time":0.28856531,"remaining_time":2.953741544},
{"learn":[0.1384616435],"iteration":89,"passed_time":0.2913173212,"remaining_time":2.945541803},
{"learn":[0.1372705121],"iteration":90,"passed_time":0.294105124,"remaining_time":2.937819316},
{"learn":[0.1365956734],"iteration":91,"passed_time":0.2972192928,"remaining_time":2.933425194},
{"learn":[0.1361779009],"iteration":92,"passed_time":0.2999584786,"remaining_time":2.925401506},
{"learn":[0.1355631118],"iteration":93,"passed_time":0.3027194692,"remaining_time":2.917700416},
{"learn":[0.1349182006],"iteration":94,"passed_time":0.3054057707,"remaining_time":2.909391816},
{"learn":[0.1341759634],"iteration":95,"passed_time":0.308077185,"remaining_time":2.901060159},
{"learn":[0.1335978079],"iteration":96,"passed_time":0.3109354973,"remaining_time":2.894585093},
{"learn":[0.1331604988],"iteration":97,"passed_time":0.3137640387,"remaining_time":2.887909826},
{"learn":[0.1324387518],"iteration":98,"passed_time":0.3165952674,"remaining_time":2.881336726},
{"learn":[0.131746967],"iteration":99,"passed_time":0.3192932526,"remaining_time":2.873639273},
{"learn":[0.1311421143],"iteration":100,"passed_time":0.3220355757,"remaining_time":2.866435471},
{"learn":[0.1306483505],"iteration":101,"passed_time":0.3248235689,"remaining_time":2.859721224},
{"learn":[0.1301189747],"iteration":102,"passed_time":0.327477657,"remaining_time":2.851917071},
{"learn":[0.1295926748],"iteration":103,"passed_time":0.3302371438,"remaining_time":2.845120008},
{"learn":[0.129189358],"iteration":104,"passed_time":0.3329686854,"remaining_time":2.838161651},
{"learn":[0.1284875431],"iteration":105,"passed_time":0.3357483423,"remaining_time":2.83168885},
{"learn":[0.1274900845],"iteration":106,"passed_time":0.3385488099,"remaining_time":2.825458759},
{"learn":[0.1266273707],"iteration":107,"passed_time":0.3412821751,"remaining_time":2.818737964},
{"learn":[0.1260351048],"iteration":108,"passed_time":0.3442353749,"remaining_time":2.813887331},
{"learn":[0.125449214],"iteration":109,"passed_time":0.3468968179,"remaining_time":2.806710617},
{"learn":[0.1245519335],"iteration":110,"passed_time":0.3498345772,"remaining_time":2.801828281},
{"learn":[0.1238961673],"iteration":111,"passed_time":0.3525908777,"remaining_time":2.795541959},
{"learn":[0.1229843323],"iteration":112,"passed_time":0.3554952012,"remaining_time":2.790480031},
{"learn":[0.1224231285],"iteration":113,"passed_time":0.3584799432,"remaining_time":2.786080962},
{"learn":[0.1217024646],"iteration":114,"passed_time":0.3614798958,"remaining_time":2.781823546},
{"learn":[0.1207058543],"iteration":115,"passed_time":0.3642542417,"remaining_time":2.775868532},
{"learn":[0.1199683317],"iteration":116,"passed_time":0.3669797914,"remaining_time":2.769599622},
{"learn":[0.1195682004],"iteration":117,"passed_time":0.3701683186,"remaining_time":2.76685133},
{"learn":[0.11921733],"iteration":118,"passed_time":0.3734135159,"remaining_time":2.764515189},
{"learn":[0.1187840556],"iteration":119,"passed_time":0.3763953112,"remaining_time":2.760232282},
{"learn":[0.1181039059],"iteration":120,"passed_time":0.3793739216,"remaining_time":2.755947744},
{"learn":[0.1174162236],"iteration":121,"passed_time":0.3822573251,"remaining_time":2.750999438},
{"learn":[0.1171142493],"iteration":122,"passed_time":0.385240524,"remaining_time":2.746796256},
{"learn":[0.116543867],"iteration":123,"passed_time":0.388243352,"remaining_time":2.742751422},
{"learn":[0.1156009727],"iteration":124,"passed_time":0.3913299356,"remaining_time":2.73930955},
{"learn":[0.1153830965],"iteration":125,"passed_time":0.3940513772,"remaining_time":2.733340505},
{"learn":[0.1148797556],"iteration":126,"passed_time":0.3968954622,"remaining_time":2.728265657},
{"learn":[0.1142482024],"iteration":127,"passed_time":0.3997135741,"remaining_time":2.723048723},
{"learn":[0.1137006907],"iteration":128,"passed_time":0.4024126823,"remaining_time":2.717065475},
{"learn":[0.1134916622],"iteration":129,"passed_time":0.4050732226,"remaining_time":2.710874644},
{"learn":[0.1129675191],"iteration":130,"passed_time":0.4078621476,"remaining_time":2.705589361},
{"learn":[0.1125648761],"iteration":131,"passed_time":0.4106327063,"remaining_time":2.70022113},
{"learn":[0.1118966356],"iteration":132,"passed_time":0.413658642,"remaining_time":2.696556711},
{"learn":[0.1114611905],"iteration":133,"passed_time":0.4166167516,"remaining_time":2.692463484},
{"learn":[0.1112649684],"iteration":134,"passed_time":0.4194090914,"remaining_time":2.687324919},
{"learn":[0.1108754995],"iteration":135,"passed_time":0.4221918946,"remaining_time":2.682160272},
{"learn":[0.1104746908],"iteration":136,"passed_time":0.4251474589,"remaining_time":2.678118664},
{"learn":[0.1102097292],"iteration":137,"passed_time":0.4280778637,"remaining_time":2.673935641},
{"learn":[0.1099488123],"iteration":138,"passed_time":0.4308224212,"remaining_time":2.668619458},
{"learn":[0.1097189938],"iteration":139,"passed_time":0.4336741304,"remaining_time":2.66399823},
{"learn":[0.1093188336],"iteration":140,"passed_time":0.4364831452,"remaining_time":2.659141998},
{"learn":[0.108979694],"iteration":141,"passed_time":0.4392091555,"remaining_time":2.653813066},
{"learn":[0.1084432804],"iteration":142,"passed_time":0.4421271057,"remaining_time":2.649670836},
{"learn":[0.1081946402],"iteration":143,"passed_time":0.4449970217,"remaining_time":2.645260073},
{"learn":[0.1076813857],"iteration":144,"passed_time":0.4477410579,"remaining_time":2.640128307},
{"learn":[0.1071851733],"iteration":145,"passed_time":0.4505144926,"remaining_time":2.63520121},
{"learn":[0.1067912578],"iteration":146,"passed_time":0.4532936781,"remaining_time":2.630336785},
{"learn":[0.1065618517],"iteration":147,"passed_time":0.4560286767,"remaining_time":2.625246166},
{"learn":[0.1061328251],"iteration":148,"passed_time":0.4587675525,"remaining_time":2.62020931},
{"learn":[0.1055618592],"iteration":149,"passed_time":0.4614929619,"remaining_time":2.615126784},
{"learn":[0.1052988938],"iteration":150,"passed_time":0.4643071269,"remaining_time":2.610574508},
{"learn":[0.1047435433],"iteration":151,"passed_time":0.4671057511,"remaining_time":2.605958401},
{"learn":[0.104207181],"iteration":152,"passed_time":0.4698726144,"remaining_time":2.601190225},
{"learn":[0.1037830633],"iteration":153,"passed_time":0.4727175883,"remaining_time":2.596877141},
{"learn":[0.1033749574],"iteration":154,"passed_time":0.4755755418,"remaining_time":2.59265376},
{"learn":[0.1032046054],"iteration":155,"passed_time":0.4785083898,"remaining_time":2.588853083},
{"learn":[0.1028735952],"iteration":156,"passed_time":0.4813531549,"remaining_time":2.584590507},
{"learn":[0.1023083055],"iteration":157,"passed_time":0.4844343482,"remaining_time":2.58160583},
{"learn":[0.1019784468],"iteration":158,"passed_time":0.4873569473,"remaining_time":2.577781086},
{"learn":[0.1017132023],"iteration":159,"passed_time":0.4903842144,"remaining_time":2.574517126},
{"learn":[0.1013898104],"iteration":160,"passed_time":0.4933736952,"remaining_time":2.571059194},
{"learn":[0.100891132],"iteration":161,"passed_time":0.4962159758,"remaining_time":2.566845603},
{"learn":[0.1004845552],"iteration":162,"passed_time":0.4990946385,"remaining_time":2.562835659},
{"learn":[0.1001230914],"iteration":163,"passed_time":0.5019501449,"remaining_time":2.55872147},
{"learn":[0.09970363242],"iteration":164,"passed_time":0.5048396998,"remaining_time":2.554794844},
{"learn":[0.09925961421],"iteration":165,"passed_time":0.5075912801,"remaining_time":2.550187516},
{"learn":[0.09897517334],"iteration":166,"passed_time":0.5104061367,"remaining_time":2.545918035},
{"learn":[0.0986376425],"iteration":167,"passed_time":0.5132224756,"remaining_time":2.541673213},
{"learn":[0.09821202493],"iteration":168,"passed_time":0.5159970924,"remaining_time":2.537240141},
{"learn":[0.09808687198],"iteration":169,"passed_time":0.5188779692,"remaining_time":2.533345379},
{"learn":[0.09792078402],"iteration":170,"passed_time":0.5215809343,"remaining_time":2.528599968},
{"learn":[0.0976868521],"iteration":171,"passed_time":0.5244368317,"remaining_time":2.524614516},
{"learn":[0.09726745625],"iteration":172,"passed_time":0.5273498942,"remaining_time":2.52091539},
{"learn":[0.09707142962],"iteration":173,"passed_time":0.530138056,"remaining_time":2.516632381},
{"learn":[0.09672219482],"iteration":174,"passed_time":0.5330355054,"remaining_time":2.512881668},
{"learn":[0.09630409586],"iteration":175,"passed_time":0.5358995189,"remaining_time":2.508984111},
{"learn":[0.09603906758],"iteration":176,"passed_time":0.5388778985,"remaining_time":2.505630003},
{"learn":[0.09591748729],"iteration":177,"passed_time":0.5416482268,"remaining_time":2.501319339},
{"learn":[0.09543790707],"iteration":178,"passed_time":0.5445268411,"remaining_time":2.497522551},
{"learn":[0.09504711044],"iteration":179,"passed_time":0.5473007445,"remaining_time":2.493258947},
{"learn":[0.09460092565],"iteration":180,"passed_time":0.5501311916,"remaining_time":2.489267657},
{"learn":[0.09437151135],"iteration":181,"passed_time":0.5530002949,"remaining_time":2.485462864},
{"learn":[0.09406905809],"iteration":182,"passed_time":0.5556945828,"remaining_time":2.480887837},
{"learn":[0.09391674444],"iteration":183,"passed_time":0.5587842726,"remaining_time":2.478086774},
{"learn":[0.09371820212],"iteration":184,"passed_time":0.5614996121,"remaining_time":2.473633426},
{"learn":[0.0936255611],"iteration":185,"passed_time":0.5642828662,"remaining_time":2.469495984},
{"learn":[0.09330455522],"iteration":186,"passed_time":0.5670228241,"remaining_time":2.465184791},
{"learn":[0.09298252709],"iteration":187,"passed_time":0.5697796757,"remaining_time":2.46096328},
{"learn":[0.09281289956],"iteration":188,"passed_time":0.5728556584,"remaining_time":2.458126661},
{"learn":[0.09236736095],"iteration":189,"passed_time":0.5755790738,"remaining_time":2.453784473},
{"learn":[0.09220202836],"iteration":190,"passed_time":0.5785345602,"remaining_time":2.450442195},
{"learn":[0.09189669495],"iteration":191,"passed_time":0.5814101855,"remaining_time":2.446767864},
{"learn":[0.09167492129],"iteration":192,"passed_time":0.5844601879,"remaining_time":2.443830941},
{"learn":[0.09143606325],"iteration":193,"passed_time":0.587709802,"remaining_time":2.441722167},
{"learn":[0.09114270792],"iteration":194,"passed_time":0.5906470506,"remaining_time":2.438312183},
{"learn":[0.09095839674],"iteration":195,"passed_time":0.5935639384,"remaining_time":2.434823502},
{"learn":[0.09074539491],"iteration":196,"passed_time":0.5963321728,"remaining_time":2.430734694},
{"learn":[0.09041315384],"iteration":197,"passed_time":0.5993125561,"remaining_time":2.427518536},
{"learn":[0.09006514018],"iteration":198,"passed_time":0.602228322,"remaining_time":2.424044653},
{"learn":[0.08989689094],"iteration":199,"passed_time":0.6050718653,"remaining_time":2.420287461},
{"learn":[0.08971879518],"iteration":200,"passed_time":0.6077740185,"remaining_time":2.415977317},
{"learn":[0.08941565724],"iteration":201,"passed_time":0.6105010511,"remaining_time":2.41178138},
{"learn":[0.08919533646],"iteration":202,"passed_time":0.6134220874,"remaining_time":2.408361594},
{"learn":[0.08895962634],"iteration":203,"passed_time":0.6161900618,"remaining_time":2.404349457},
{"learn":[0.08868167224],"iteration":204,"passed_time":0.6190186747,"remaining_time":2.400584617},
{"learn":[0.08832555705],"iteration":205,"passed_time":0.6218708429,"remaining_time":2.396919657},
{"learn":[0.08809519726],"iteration":206,"passed_time":0.6246502694,"remaining_time":2.392983882},
{"learn":[0.08765548077],"iteration":207,"passed_time":0.6273687649,"remaining_time":2.38882722},
{"learn":[0.08733366931],"iteration":208,"passed_time":0.6302218167,"remaining_time":2.385193574},
{"learn":[0.08717403275],"iteration":209,"passed_time":0.6332487365,"remaining_time":2.382221437},
{"learn":[0.08688035363],"iteration":210,"passed_time":0.6359624428,"remaining_time":2.37807757},
{"learn":[0.08643612487],"iteration":211,"passed_time":0.6388197731,"remaining_time":2.374481043},
{"learn":[0.086078596],"iteration":212,"passed_time":0.6415502024,"remaining_time":2.370422579},
{"learn":[0.08574330826],"iteration":213,"passed_time":0.6443669633,"remaining_time":2.366693613},
{"learn":[0.08547508686],"iteration":214,"passed_time":0.6472126398,"remaining_time":2.363078708},
{"learn":[0.08525681893],"iteration":215,"passed_time":0.6499515066,"remaining_time":2.359083246},
{"learn":[0.08507684837],"iteration":216,"passed_time":0.6527660214,"remaining_time":2.355372326},
{"learn":[0.0848363143],"iteration":217,"passed_time":0.6555630124,"remaining_time":2.351606769},
{"learn":[0.08445636191],"iteration":218,"passed_time":0.6585775636,"remaining_time":2.348625923},
{"learn":[0.08427900462],"iteration":219,"passed_time":0.661408591,"remaining_time":2.344994095},
{"learn":[0.08415282689],"iteration":220,"passed_time":0.6640540423,"remaining_time":2.34071538},
{"learn":[0.08391993423],"iteration":221,"passed_time":0.6669406004,"remaining_time":2.337296338},
{"learn":[0.0837435059],"iteration":222,"passed_time":0.6696677232,"remaining_time":2.333326551},
{"learn":[0.08357181444],"iteration":223,"passed_time":0.6726525877,"remaining_time":2.33026075},
{"learn":[0.08340759404],"iteration":224,"passed_time":0.6753565628,"remaining_time":2.326228161},
{"learn":[0.083040667],"iteration":225,"passed_time":0.6782251656,"remaining_time":2.322771142},
{"learn":[0.08283835566],"iteration":226,"passed_time":0.681114549,"remaining_time":2.319390072},
{"learn":[0.08259071943],"iteration":227,"passed_time":0.6840291829,"remaining_time":2.316098812},
{"learn":[0.08235957301],"iteration":228,"passed_time":0.687052291,"remaining_time":2.313176054},
{"learn":[0.08203904297],"iteration":229,"passed_time":0.6899356926,"remaining_time":2.30978471},
{"learn":[0.08194594936],"iteration":230,"passed_time":0.6928471803,"remaining_time":2.306491262},
{"learn":[0.08171113028],"iteration":231,"passed_time":0.6955148653,"remaining_time":2.302394037},
{"learn":[0.08153916836],"iteration":232,"passed_time":0.6982144439,"remaining_time":2.298414071},
{"learn":[0.0813811439],"iteration":233,"passed_time":0.7010321856,"remaining_time":2.294831855},
{"learn":[0.08116554722],"iteration":234,"passed_time":0.7039147859,"remaining_time":2.291467282},
{"learn":[0.08088523973],"iteration":235,"passed_time":0.7069388058,"remaining_time":2.288564609},
{"learn":[0.08065756043],"iteration":236,"passed_time":0.7097004068,"remaining_time":2.284816077},
{"learn":[0.08044613951],"iteration":237,"passed_time":0.7125194232,"remaining_time":2.281259666},
{"learn":[0.08011151102],"iteration":238,"passed_time":0.7153188872,"remaining_time":2.277647168},
{"learn":[0.07992241509],"iteration":239,"passed_time":0.7182969765,"remaining_time":2.274607092},
{"learn":[0.07972208051],"iteration":240,"passed_time":0.7211688453,"remaining_time":2.271233002},
{"learn":[0.07944895188],"iteration":241,"passed_time":0.7239467886,"remaining_time":2.267568867},
{"learn":[0.07918919888],"iteration":242,"passed_time":0.7269516907,"remaining_time":2.264619053},
{"learn":[0.07904416387],"iteration":243,"passed_time":0.7296804668,"remaining_time":2.26081325},
{"learn":[0.07882621927],"iteration":244,"passed_time":0.7326465942,"remaining_time":2.257747668},
{"learn":[0.07875783766],"iteration":245,"passed_time":0.7353339464,"remaining_time":2.253828437},
{"learn":[0.07838529994],"iteration":246,"passed_time":0.7380272223,"remaining_time":2.24993724},
{"learn":[0.07812513974],"iteration":247,"passed_time":0.7408840215,"remaining_time":2.246551549},
{"learn":[0.07797000091],"iteration":248,"passed_time":0.7436878357,"remaining_time":2.2430103},
{"learn":[0.07777172164],"iteration":249,"passed_time":0.7465578711,"remaining_time":2.239673613},
{"learn":[0.07765656791],"iteration":250,"passed_time":0.7492606358,"remaining_time":2.235841499},
{"learn":[0.07742571245],"iteration":251,"passed_time":0.7521552798,"remaining_time":2.232587894},
{"learn":[0.07719292486],"iteration":252,"passed_time":0.7549154179,"remaining_time":2.228939989},
{"learn":[0.07706249215],"iteration":253,"passed_time":0.7576097359,"remaining_time":2.22510576},
{"learn":[0.0769484084],"iteration":254,"passed_time":0.7606185176,"remaining_time":2.222199199},
{"learn":[0.07680356969],"iteration":255,"passed_time":0.7633907777,"remaining_time":2.218604448},
{"learn":[0.07672402282],"iteration":256,"passed_time":0.7662320065,"remaining_time":2.21521549},
{"learn":[0.07657591317],"iteration":257,"passed_time":0.7689854419,"remaining_time":2.211578286},
{"learn":[0.07638604046],"iteration":258,"passed_time":0.7716952296,"remaining_time":2.207823031},
{"learn":[0.07622647194],"iteration":259,"passed_time":0.7746778985,"remaining_time":2.20485248},
{"learn":[0.07610956231],"iteration":260,"passed_time":0.7774323045,"remaining_time":2.201235529},
{"learn":[0.07582037214],"iteration":261,"passed_time":0.7803530722,"remaining_time":2.198093768},
{"learn":[0.0755952857],"iteration":262,"passed_time":0.7832910803,"remaining_time":2.195002001},
{"learn":[0.07539595435],"iteration":263,"passed_time":0.7863906697,"remaining_time":2.192361867},
{"learn":[0.07524904253],"iteration":264,"passed_time":0.7891501966,"remaining_time":2.188775073},
{"learn":[0.07511740351],"iteration":265,"passed_time":0.7918775596,"remaining_time":2.185105747},
{"learn":[0.07487708182],"iteration":266,"passed_time":0.7947681456,"remaining_time":2.181891576},
{"learn":[0.07469972506],"iteration":267,"passed_time":0.7974416524,"remaining_time":2.178086901},
{"learn":[0.07459749303],"iteration":268,"passed_time":0.8002906262,"remaining_time":2.174767464},
{"learn":[0.07437416071],"iteration":269,"passed_time":0.8030799219,"remaining_time":2.171290159},
{"learn":[0.07418729458],"iteration":270,"passed_time":0.8058060931,"remaining_time":2.167648125},
{"learn":[0.07404909869],"iteration":271,"passed_time":0.8085584155,"remaining_time":2.164082818},
{"learn":[0.07393130808],"iteration":272,"passed_time":0.8112644065,"remaining_time":2.160400086},
{"learn":[0.07375012479],"iteration":273,"passed_time":0.8141673069,"remaining_time":2.157246222},
{"learn":[0.07363010468],"iteration":274,"passed_time":0.8169271745,"remaining_time":2.153717096},
{"learn":[0.07342262589],"iteration":275,"passed_time":0.8197904168,"remaining_time":2.150464716},
{"learn":[0.07317316672],"iteration":276,"passed_time":0.8225628088,"remaining_time":2.146978017},
{"learn":[0.07304261128],"iteration":277,"passed_time":0.8252380991,"remaining_time":2.143244272},
{"learn":[0.07280166478],"iteration":278,"passed_time":0.8282693133,"remaining_time":2.140437903},
{"learn":[0.07270172993],"iteration":279,"passed_time":0.8309469182,"remaining_time":2.136720647},
{"learn":[0.072582357],"iteration":280,"passed_time":0.8337995394,"remaining_time":2.133458608},
{"learn":[0.07231811399],"iteration":281,"passed_time":0.8365339166,"remaining_time":2.129898412},
{"learn":[0.0721614161],"iteration":282,"passed_time":0.839304205,"remaining_time":2.126435035},
{"learn":[0.07204336926],"iteration":283,"passed_time":0.8421704927,"remaining_time":2.123218566},
{"learn":[0.0719555042],"iteration":284,"passed_time":0.8448708526,"remaining_time":2.119588279},
{"learn":[0.07173509207],"iteration":285,"passed_time":0.8478088424,"remaining_time":2.116557739},
{"learn":[0.07153680415],"iteration":286,"passed_time":0.8507826934,"remaining_time":2.113616935},
{"learn":[0.07133544126],"iteration":287,"passed_time":0.8537069778,"remaining_time":2.110553362},
{"learn":[0.07122366871],"iteration":288,"passed_time":0.8564691179,"remaining_time":2.107091844},
{"learn":[0.07111072234],"iteration":289,"passed_time":0.8592092484,"remaining_time":2.103581263},
{"learn":[0.07094520899],"iteration":290,"passed_time":0.862057599,"remaining_time":2.100339648},
{"learn":[0.0707316534],"iteration":291,"passed_time":0.8647575781,"remaining_time":2.096740977},
{"learn":[0.07063092204],"iteration":292,"passed_time":0.8677481822,"remaining_time":2.093849709},
{"learn":[0.07051295096],"iteration":293,"passed_time":0.8705704729,"remaining_time":2.090553585},
{"learn":[0.0703108796],"iteration":294,"passed_time":0.8734112925,"remaining_time":2.087304953},
{"learn":[0.07014566809],"iteration":295,"passed_time":0.8761507497,"remaining_time":2.083817999},
{"learn":[0.07004244924],"iteration":296,"passed_time":0.8788663687,"remaining_time":2.080279654},
{"learn":[0.06993770776],"iteration":297,"passed_time":0.8819515988,"remaining_time":2.077617525},
{"learn":[0.06983668256],"iteration":298,"passed_time":0.8848086989,"remaining_time":2.074417719},
{"learn":[0.06964812263],"iteration":299,"passed_time":0.8880456997,"remaining_time":2.072106633},
{"learn":[0.06950471113],"iteration":300,"passed_time":0.8911812204,"remaining_time":2.069553731},
{"learn":[0.06942235257],"iteration":301,"passed_time":0.8941047115,"remaining_time":2.066506916},
{"learn":[0.069228349],"iteration":302,"passed_time":0.8970530114,"remaining_time":2.063517983},
{"learn":[0.06904122029],"iteration":303,"passed_time":0.9000606492,"remaining_time":2.060665171},
{"learn":[0.06890245285],"iteration":304,"passed_time":0.9031055521,"remaining_time":2.057896258},
{"learn":[0.06882001229],"iteration":305,"passed_time":0.906468871,"remaining_time":2.055847701},
{"learn":[0.06856481218],"iteration":306,"passed_time":0.9094994545,"remaining_time":2.053039485},
{"learn":[0.06844056428],"iteration":307,"passed_time":0.9122347526,"remaining_time":2.049566392},
{"learn":[0.06837460971],"iteration":308,"passed_time":0.9151846563,"remaining_time":2.046577985},
{"learn":[0.06831443376],"iteration":309,"passed_time":0.9179452951,"remaining_time":2.04316856},
{"learn":[0.0682280008],"iteration":310,"passed_time":0.9209418415,"remaining_time":2.040285945},
{"learn":[0.06805967717],"iteration":311,"passed_time":0.9238605724,"remaining_time":2.037231006},
{"learn":[0.06788673484],"iteration":312,"passed_time":0.9265013948,"remaining_time":2.033566959},
{"learn":[0.067761932],"iteration":313,"passed_time":0.9293252687,"remaining_time":2.030309345},
{"learn":[0.06762394966],"iteration":314,"passed_time":0.9321197455,"remaining_time":2.026990558},
{"learn":[0.06754672329],"iteration":315,"passed_time":0.9352460371,"remaining_time":2.024393321},
{"learn":[0.06738543761],"iteration":316,"passed_time":0.9380710326,"remaining_time":2.021143581},
{"learn":[0.06722974177],"iteration":317,"passed_time":0.940879968,"remaining_time":2.01786207},
{"learn":[0.06705904454],"iteration":318,"passed_time":0.9435924811,"remaining_time":2.014377679},
{"learn":[0.06695496567],"iteration":319,"passed_time":0.9463202672,"remaining_time":2.010930568},
{"learn":[0.06688739871],"iteration":320,"passed_time":0.9491646469,"remaining_time":2.007734565},
{"learn":[0.0667509231],"iteration":321,"passed_time":0.9521601604,"remaining_time":2.004858971},
{"learn":[0.06663314679],"iteration":322,"passed_time":0.9551732988,"remaining_time":2.002019577},
{"learn":[0.06648289076],"iteration":323,"passed_time":0.9578928659,"remaining_time":1.998566597},
{"learn":[0.06635984894],"iteration":324,"passed_time":0.9608060285,"remaining_time":1.995520213},
{"learn":[0.06617186844],"iteration":325,"passed_time":0.9635974167,"remaining_time":1.99222288},
{"learn":[0.06595382595],"iteration":326,"passed_time":0.9663396491,"remaining_time":1.988827474},
{"learn":[0.06582853115],"iteration":327,"passed_time":0.9692382207,"remaining_time":1.985756355},
{"learn":[0.06575950242],"iteration":328,"passed_time":0.9719487206,"remaining_time":1.98230271},
{"learn":[0.06569321564],"iteration":329,"passed_time":0.9748158912,"remaining_time":1.979171658},
{"learn":[0.06559572319],"iteration":330,"passed_time":0.9775232842,"remaining_time":1.975719266},
{"learn":[0.06538461941],"iteration":331,"passed_time":0.9802045366,"remaining_time":1.972218766},
{"learn":[0.06527602545],"iteration":332,"passed_time":0.983094441,"remaining_time":1.969141118},
{"learn":[0.065142358],"iteration":333,"passed_time":0.9860703967,"remaining_time":1.96623618},
{"learn":[0.06497322855],"iteration":334,"passed_time":0.988962105,"remaining_time":1.963163582},
{"learn":[0.06479438478],"iteration":335,"passed_time":0.9917649269,"remaining_time":1.959916403},
{"learn":[0.06463772484],"iteration":336,"passed_time":0.994782444,"remaining_time":1.957094244},
{"learn":[0.06447215075],"iteration":337,"passed_time":0.9977730976,"remaining_time":1.954218316},
{"learn":[0.06432562418],"iteration":338,"passed_time":1.000597002,"remaining_time":1.951016573},
{"learn":[0.06423688526],"iteration":339,"passed_time":1.003348272,"remaining_time":1.947676058},
{"learn":[0.06412564159],"iteration":340,"passed_time":1.006143731,"remaining_time":1.944424394},
{"learn":[0.06400659993],"iteration":341,"passed_time":1.009092782,"remaining_time":1.941470908},
{"learn":[0.06390301897],"iteration":342,"passed_time":1.011836277,"remaining_time":1.938123715},
{"learn":[0.06375396848],"iteration":343,"passed_time":1.014620474,"remaining_time":1.934857648},
{"learn":[0.0635762725],"iteration":344,"passed_time":1.017320843,"remaining_time":1.931435223},
{"learn":[0.06340054308],"iteration":345,"passed_time":1.020064629,"remaining_time":1.928099038},
{"learn":[0.06322407514],"iteration":346,"passed_time":1.023010634,"remaining_time":1.925146813},
{"learn":[0.06312089666],"iteration":347,"passed_time":1.025951129,"remaining_time":1.922184299},
{"learn":[0.06299656954],"iteration":348,"passed_time":1.028897165,"remaining_time":1.919232247},
{"learn":[0.06290095989],"iteration":349,"passed_time":1.03162541,"remaining_time":1.915875761},
{"learn":[0.0628101308],"iteration":350,"passed_time":1.034525365,"remaining_time":1.912840346},
{"learn":[0.06270697911],"iteration":351,"passed_time":1.037244551,"remaining_time":1.909472924},
{"learn":[0.0626157623],"iteration":352,"passed_time":1.040006774,"remaining_time":1.906188052},
{"learn":[0.06250371881],"iteration":353,"passed_time":1.042883091,"remaining_time":1.903114342},
{"learn":[0.06237896671],"iteration":354,"passed_time":1.045622038,"remaining_time":1.899792153},
{"learn":[0.06225565695],"iteration":355,"passed_time":1.048478587,"remaining_time":1.896685983},
{"learn":[0.06212322583],"iteration":356,"passed_time":1.051392068,"remaining_time":1.893683752},
{"learn":[0.06191146993],"iteration":357,"passed_time":1.054198458,"remaining_time":1.890489971},
{"learn":[0.06177573168],"iteration":358,"passed_time":1.056936973,"remaining_time":1.887177157},
{"learn":[0.06159084648],"iteration":359,"passed_time":1.059619738,"remaining_time":1.883768423},
{"learn":[0.06144697915],"iteration":360,"passed_time":1.062541405,"remaining_time":1.880786587},
{"learn":[0.06130969673],"iteration":361,"passed_time":1.065421421,"remaining_time":1.877731676},
{"learn":[0.0611368819],"iteration":362,"passed_time":1.068513797,"remaining_time":1.875050383},
{"learn":[0.06108856843],"iteration":363,"passed_time":1.07130633,"remaining_time":1.871842928},
{"learn":[0.06094959468],"iteration":364,"passed_time":1.07425363,"remaining_time":1.868907},
{"learn":[0.06082670672],"iteration":365,"passed_time":1.077286336,"remaining_time":1.866118954},
{"learn":[0.06071585835],"iteration":366,"passed_time":1.080517065,"remaining_time":1.863671123},
{"learn":[0.06056515921],"iteration":367,"passed_time":1.083573028,"remaining_time":1.860918895},
{"learn":[0.06049868819],"iteration":368,"passed_time":1.086623903,"remaining_time":1.858156321},
{"learn":[0.06031251645],"iteration":369,"passed_time":1.089695887,"remaining_time":1.855428133},
{"learn":[0.0601016649],"iteration":370,"passed_time":1.092501705,"remaining_time":1.852246826},
{"learn":[0.06002146932],"iteration":371,"passed_time":1.095444296,"remaining_time":1.849298435},
{"learn":[0.05983414943],"iteration":372,"passed_time":1.098189875,"remaining_time":1.846018905},
{"learn":[0.05971050357],"iteration":373,"passed_time":1.10102929,"remaining_time":1.842899293},
{"learn":[0.059592969],"iteration":374,"passed_time":1.103788987,"remaining_time":1.839648312},
{"learn":[0.05953480458],"iteration":375,"passed_time":1.106456483,"remaining_time":1.836246929},
{"learn":[0.05945498277],"iteration":376,"passed_time":1.109486033,"remaining_time":1.833447742},
{"learn":[0.05934836496],"iteration":377,"passed_time":1.112214408,"remaining_time":1.830151751},
{"learn":[0.05925137607],"iteration":378,"passed_time":1.115005017,"remaining_time":1.826960727},
{"learn":[0.05919452638],"iteration":379,"passed_time":1.117703954,"remaining_time":1.82362224},
{"learn":[0.05905069314],"iteration":380,"passed_time":1.120449042,"remaining_time":1.820362092},
{"learn":[0.05892143778],"iteration":381,"passed_time":1.123394837,"remaining_time":1.817429344},
{"learn":[0.05879705839],"iteration":382,"passed_time":1.126194814,"remaining_time":1.81426162},
{"learn":[0.05864227767],"iteration":383,"passed_time":1.129028358,"remaining_time":1.811149657},
{"learn":[0.05858139302],"iteration":384,"passed_time":1.131722395,"remaining_time":1.807816293},
{"learn":[0.05852839323],"iteration":385,"passed_time":1.134533584,"remaining_time":1.804672592},
{"learn":[0.05843086964],"iteration":386,"passed_time":1.137360105,"remaining_time":1.801554895},
{"learn":[0.05830176991],"iteration":387,"passed_time":1.140224077,"remaining_time":1.79849777},
{"learn":[0.0582182071],"iteration":388,"passed_time":1.143211624,"remaining_time":1.795635739},
{"learn":[0.05809495031],"iteration":389,"passed_time":1.145895603,"remaining_time":1.792298251},
{"learn":[0.05803221259],"iteration":390,"passed_time":1.14859475,"remaining_time":1.788987731},
{"learn":[0.05787014664],"iteration":391,"passed_time":1.151370689,"remaining_time":1.785799436},
{"learn":[0.05769803003],"iteration":392,"passed_time":1.154164023,"remaining_time":1.782640106},
{"learn":[0.05760701964],"iteration":393,"passed_time":1.157046793,"remaining_time":1.779620195},
{"learn":[0.05752645076],"iteration":394,"passed_time":1.159730891,"remaining_time":1.776296681},
{"learn":[0.05737990083],"iteration":395,"passed_time":1.162685423,"remaining_time":1.773388878},
{"learn":[0.05724093108],"iteration":396,"passed_time":1.16566189,"remaining_time":1.770514155},
{"learn":[0.05714583559],"iteration":397,"passed_time":1.168414272,"remaining_time":1.767299979},
{"learn":[0.0570183117],"iteration":398,"passed_time":1.171319448,"remaining_time":1.764318266},
{"learn":[0.05687767634],"iteration":399,"passed_time":1.174250854,"remaining_time":1.761376281},
{"learn":[0.05680402881],"iteration":400,"passed_time":1.177352718,"remaining_time":1.758688973},
{"learn":[0.05673549729],"iteration":401,"passed_time":1.180323414,"remaining_time":1.755804481},
{"learn":[0.05655948922],"iteration":402,"passed_time":1.183345789,"remaining_time":1.752996119},
{"learn":[0.0564238448],"iteration":403,"passed_time":1.186319329,"remaining_time":1.750114653},
{"learn":[0.05633322037],"iteration":404,"passed_time":1.18907545,"remaining_time":1.746913315},
{"learn":[0.05623462309],"iteration":405,"passed_time":1.192011145,"remaining_time":1.743976897},
{"learn":[0.05614003351],"iteration":406,"passed_time":1.19480027,"remaining_time":1.740826929},
{"learn":[0.05602954726],"iteration":407,"passed_time":1.19772853,"remaining_time":1.737880612},
{"learn":[0.0558888597],"iteration":408,"passed_time":1.200661751,"remaining_time":1.734941551},
{"learn":[0.05572560269],"iteration":409,"passed_time":1.20359966,"remaining_time":1.732009267},
{"learn":[0.05557957656],"iteration":410,"passed_time":1.20664403,"remaining_time":1.729229523},
{"learn":[0.05549276654],"iteration":411,"passed_time":1.209520609,"remaining_time":1.726209025},
{"learn":[0.05541441391],"iteration":412,"passed_time":1.212419352,"remaining_time":1.723220726},
{"learn":[0.05528676747],"iteration":413,"passed_time":1.215274788,"remaining_time":1.72017156},
{"learn":[0.05517366288],"iteration":414,"passed_time":1.218063863,"remaining_time":1.717029783},
{"learn":[0.05508870635],"iteration":415,"passed_time":1.220817308,"remaining_time":1.713839683},
{"learn":[0.05499135216],"iteration":416,"passed_time":1.223807181,"remaining_time":1.710982222},
{"learn":[0.05493770419],"iteration":417,"passed_time":1.226637177,"remaining_time":1.707901524},
{"learn":[0.05482977576],"iteration":418,"passed_time":1.229552211,"remaining_time":1.70493994},
{"learn":[0.05477095951],"iteration":419,"passed_time":1.232195969,"remaining_time":1.701603957},
{"learn":[0.0546923921],"iteration":420,"passed_time":1.23498753,"remaining_time":1.698474536},
{"learn":[0.05460325333],"iteration":421,"passed_time":1.237670515,"remaining_time":1.695198004},
{"learn":[0.05447852325],"iteration":422,"passed_time":1.240674025,"remaining_time":1.692361495},
{"learn":[0.05432268779],"iteration":423,"passed_time":1.243536906,"remaining_time":1.689333155},
{"learn":[0.05424570275],"iteration":424,"passed_time":1.246281753,"remaining_time":1.686145902},
{"learn":[0.05415853867],"iteration":425,"passed_time":1.24907655,"remaining_time":1.683028028},
{"learn":[0.05406093786],"iteration":426,"passed_time":1.251811839,"remaining_time":1.679831812},
{"learn":[0.05393385313],"iteration":427,"passed_time":1.254602097,"remaining_time":1.676711213},
{"learn":[0.05380991091],"iteration":428,"passed_time":1.257534746,"remaining_time":1.673781678},
{"learn":[0.0536687448],"iteration":429,"passed_time":1.260264956,"remaining_time":1.670583778},
{"learn":[0.05358458648],"iteration":430,"passed_time":1.262947861,"remaining_time":1.667325598},
{"learn":[0.0534762395],"iteration":431,"passed_time":1.265753027,"remaining_time":1.664230832},
{"learn":[0.05336470187],"iteration":432,"passed_time":1.283491817,"remaining_time":1.680692518},
{"learn":[0.05328866208],"iteration":433,"passed_time":1.286313736,"remaining_time":1.677542798},
{"learn":[0.05323466394],"iteration":434,"passed_time":1.289128963,"remaining_time":1.674385894},
{"learn":[0.05313891844],"iteration":435,"passed_time":1.29195938,"remaining_time":1.671250207},
{"learn":[0.05303091409],"iteration":436,"passed_time":1.294700471,"remaining_time":1.668000836},
{"learn":[0.05292624012],"iteration":437,"passed_time":1.297651107,"remaining_time":1.665022653},
{"learn":[0.05286600348],"iteration":438,"passed_time":1.30050087,"remaining_time":1.661915691},
{"learn":[0.05275450746],"iteration":439,"passed_time":1.303315627,"remaining_time":1.658765343},
{"learn":[0.05267694199],"iteration":440,"passed_time":1.306060214,"remaining_time":1.655527572},
{"learn":[0.05256609728],"iteration":441,"passed_time":1.308830482,"remaining_time":1.652324454},
{"learn":[0.05247559169],"iteration":442,"passed_time":1.311839765,"remaining_time":1.649423812},
{"learn":[0.05236393745],"iteration":443,"passed_time":1.314595934,"remaining_time":1.646205719},
{"learn":[0.05225661931],"iteration":444,"passed_time":1.317502861,"remaining_time":1.643177726},
{"learn":[0.05217547759],"iteration":445,"passed_time":1.320234403,"remaining_time":1.63993242},
{"learn":[0.05211024578],"iteration":446,"passed_time":1.322952207,"remaining_time":1.636672418},
{"learn":[0.05204256916],"iteration":447,"passed_time":1.325778706,"remaining_time":1.633548763},
{"learn":[0.05197289979],"iteration":448,"passed_time":1.328491711,"remaining_time":1.630287156},
{"learn":[0.05184068446],"iteration":449,"passed_time":1.331372568,"remaining_time":1.627233139},
{"learn":[0.0517958328],"iteration":450,"passed_time":1.334223677,"remaining_time":1.624143678},
{"learn":[0.05170897769],"iteration":451,"passed_time":1.337162689,"remaining_time":1.621161844},
{"learn":[0.05159522104],"iteration":452,"passed_time":1.3399907,"remaining_time":1.618046166},
{"learn":[0.05152523522],"iteration":453,"passed_time":1.342749135,"remaining_time":1.614848079},
{"learn":[0.05143696325],"iteration":454,"passed_time":1.345643178,"remaining_time":1.611814356},
{"learn":[0.05131277563],"iteration":455,"passed_time":1.348343387,"remaining_time":1.608550006},
{"learn":[0.05119576747],"iteration":456,"passed_time":1.351304954,"remaining_time":1.605598665},
{"learn":[0.05107374572],"iteration":457,"passed_time":1.353971357,"remaining_time":1.602297981},
{"learn":[0.05096969356],"iteration":458,"passed_time":1.356902563,"remaining_time":1.599312172},
{"learn":[0.05090339212],"iteration":459,"passed_time":1.35967717,"remaining_time":1.596142764},
{"learn":[0.05076007828],"iteration":460,"passed_time":1.362481716,"remaining_time":1.593010075},
{"learn":[0.0506965003],"iteration":461,"passed_time":1.365474353,"remaining_time":1.59009784},
{"learn":[0.05062264787],"iteration":462,"passed_time":1.368176057,"remaining_time":1.586847824},
{"learn":[0.05057234153],"iteration":463,"passed_time":1.371237692,"remaining_time":1.584015955},
{"learn":[0.0505054822],"iteration":464,"passed_time":1.374067006,"remaining_time":1.580915802},
{"learn":[0.050400447],"iteration":465,"passed_time":1.377045247,"remaining_time":1.577987471},
{"learn":[0.05030487096],"iteration":466,"passed_time":1.379766959,"remaining_time":1.574766143},
{"learn":[0.05025521644],"iteration":467,"passed_time":1.382446025,"remaining_time":1.571498472},
{"learn":[0.05015115263],"iteration":468,"passed_time":1.385551646,"remaining_time":1.568716256},
{"learn":[0.05008196163],"iteration":469,"passed_time":1.38820343,"remaining_time":1.565420889},
{"learn":[0.0499991938],"iteration":470,"passed_time":1.391091974,"remaining_time":1.56239417},
{"learn":[0.04993578523],"iteration":471,"passed_time":1.393779987,"remaining_time":1.559143714},
{"learn":[0.04988277031],"iteration":472,"passed_time":1.39641106,"remaining_time":1.555832196},
{"learn":[0.04980758949],"iteration":473,"passed_time":1.399587632,"remaining_time":1.553128891},
{"learn":[0.04975746402],"iteration":474,"passed_time":1.402593236,"remaining_time":1.550234629},
{"learn":[0.04968664208],"iteration":475,"passed_time":1.405746641,"remaining_time":1.547502604},
{"learn":[0.04957565769],"iteration":476,"passed_time":1.408637577,"remaining_time":1.544481033},
{"learn":[0.04950237928],"iteration":477,"passed_time":1.411677489,"remaining_time":1.541622698},
{"learn":[0.04939169296],"iteration":478,"passed_time":1.41483351,"remaining_time":1.538889892},
{"learn":[0.04932669089],"iteration":479,"passed_time":1.417717133,"remaining_time":1.535860227},
{"learn":[0.04922682379],"iteration":480,"passed_time":1.420520766,"remaining_time":1.53274486},
{"learn":[0.04917597503],"iteration":481,"passed_time":1.423202249,"remaining_time":1.529499512},
{"learn":[0.04914333649],"iteration":482,"passed_time":1.426071823,"remaining_time":1.526457831},
{"learn":[0.04909455942],"iteration":483,"passed_time":1.428835558,"remaining_time":1.523304025},
{"learn":[0.04898783625],"iteration":484,"passed_time":1.431618592,"remaining_time":1.520172319},
{"learn":[0.04889886713],"iteration":485,"passed_time":1.434359341,"remaining_time":1.516997328},
{"learn":[0.04885024104],"iteration":486,"passed_time":1.437016817,"remaining_time":1.5137364},
{"learn":[0.04877656737],"iteration":487,"passed_time":1.4398153,"remaining_time":1.510625889},
{"learn":[0.04867654982],"iteration":488,"passed_time":1.442742649,"remaining_time":1.507651317},
{"learn":[0.04857545475],"iteration":489,"passed_time":1.445606102,"remaining_time":1.504610432},
{"learn":[0.04853562852],"iteration":490,"passed_time":1.448330049,"remaining_time":1.501425652},
{"learn":[0.04847081481],"iteration":491,"passed_time":1.451166167,"remaining_time":1.498358562},
{"learn":[0.0483627772],"iteration":492,"passed_time":1.453965131,"remaining_time":1.495254202},
{"learn":[0.04825625757],"iteration":493,"passed_time":1.456907872,"remaining_time":1.492298347},
{"learn":[0.04813019774],"iteration":494,"passed_time":1.459950929,"remaining_time":1.489444887},
{"learn":[0.04805925372],"iteration":495,"passed_time":1.46282952,"remaining_time":1.486423545},
{"learn":[0.04797031167],"iteration":496,"passed_time":1.466361765,"remaining_time":1.484064322},
{"learn":[0.04790984547],"iteration":497,"passed_time":1.469129619,"remaining_time":1.480929857},
{"learn":[0.04786196492],"iteration":498,"passed_time":1.472154771,"remaining_time":1.478055191},
{"learn":[0.0477965889],"iteration":499,"passed_time":1.474944297,"remaining_time":1.474944297},
{"learn":[0.04773594871],"iteration":500,"passed_time":1.477774245,"remaining_time":1.471874947},
{"learn":[0.04767253284],"iteration":501,"passed_time":1.480622516,"remaining_time":1.468824727},
{"learn":[0.04762316816],"iteration":502,"passed_time":1.483548212,"remaining_time":1.465851812},
{"learn":[0.04753340858],"iteration":503,"passed_time":1.486725855,"remaining_time":1.463127032},
{"learn":[0.04750555825],"iteration":504,"passed_time":1.489619387,"remaining_time":1.460121973},
{"learn":[0.04738327274],"iteration":505,"passed_time":1.492766931,"remaining_time":1.457365344},
{"learn":[0.04731057818],"iteration":506,"passed_time":1.495495306,"remaining_time":1.454199578},
{"learn":[0.04726338725],"iteration":507,"passed_time":1.498286907,"remaining_time":1.451096768},
{"learn":[0.04718817989],"iteration":508,"passed_time":1.501074399,"remaining_time":1.447991218},
{"learn":[0.04713275777],"iteration":509,"passed_time":1.503803295,"remaining_time":1.444830617},
{"learn":[0.04706432772],"iteration":510,"passed_time":1.506586769,"remaining_time":1.441723934},
{"learn":[0.04700384657],"iteration":511,"passed_time":1.509287309,"remaining_time":1.438539467},
{"learn":[0.04693014218],"iteration":512,"passed_time":1.512170391,"remaining_time":1.435530177},
{"learn":[0.04682766486],"iteration":513,"passed_time":1.515009938,"remaining_time":1.432480213},
{"learn":[0.0467397626],"iteration":514,"passed_time":1.517723492,"remaining_time":1.429312415},
{"learn":[0.04666269416],"iteration":515,"passed_time":1.520512487,"remaining_time":1.426217139},
{"learn":[0.04660420488],"iteration":516,"passed_time":1.523139422,"remaining_time":1.422971645},
{"learn":[0.04654030929],"iteration":517,"passed_time":1.525906113,"remaining_time":1.419858584},
{"learn":[0.04648186204],"iteration":518,"passed_time":1.528657123,"remaining_time":1.416732324},
{"learn":[0.0464269825],"iteration":519,"passed_time":1.531449385,"remaining_time":1.413645586},
{"learn":[0.04633734712],"iteration":520,"passed_time":1.534144193,"remaining_time":1.410470381},
{"learn":[0.04625679078],"iteration":521,"passed_time":1.536903681,"remaining_time":1.407356244},
{"learn":[0.04620115004],"iteration":522,"passed_time":1.539858454,"remaining_time":1.404421573},
{"learn":[0.04613119431],"iteration":523,"passed_time":1.542647949,"remaining_time":1.401336687},
{"learn":[0.04604720222],"iteration":524,"passed_time":1.545780014,"remaining_time":1.398562869},
{"learn":[0.04598946342],"iteration":525,"passed_time":1.548568066,"remaining_time":1.395477687},
{"learn":[0.04591691201],"iteration":526,"passed_time":1.551286342,"remaining_time":1.392331005},
{"learn":[0.0458340875],"iteration":527,"passed_time":1.554038714,"remaining_time":1.389216426},
{"learn":[0.04573758828],"iteration":528,"passed_time":1.556787049,"remaining_time":1.386099622},
{"learn":[0.04568422289],"iteration":529,"passed_time":1.559928441,"remaining_time":1.383332768},
{"learn":[0.04562309745],"iteration":530,"passed_time":1.562916219,"remaining_time":1.380428827},
{"learn":[0.04552450016],"iteration":531,"passed_time":1.56585925,"remaining_time":1.377485205},
{"learn":[0.04541744943],"iteration":532,"passed_time":1.568602944,"remaining_time":1.374366933},
{"learn":[0.04537718615],"iteration":533,"passed_time":1.571332833,"remaining_time":1.371238015},
{"learn":[0.04530985999],"iteration":534,"passed_time":1.574210714,"remaining_time":1.368239218},
{"learn":[0.04524553212],"iteration":535,"passed_time":1.576905242,"remaining_time":1.36508215},
{"learn":[0.04519959553],"iteration":536,"passed_time":1.579869834,"remaining_time":1.362159652},
{"learn":[0.0451337269],"iteration":537,"passed_time":1.582696334,"remaining_time":1.359118413},
{"learn":[0.04505859147],"iteration":538,"passed_time":1.585631328,"remaining_time":1.356170765},
{"learn":[0.04503051135],"iteration":539,"passed_time":1.588528005,"remaining_time":1.353190523},
{"learn":[0.04497815544],"iteration":540,"passed_time":1.591259317,"remaining_time":1.350070289},
{"learn":[0.04487370379],"iteration":541,"passed_time":1.594132859,"remaining_time":1.347071678},
{"learn":[0.0448185303],"iteration":542,"passed_time":1.596874521,"remaining_time":1.343962534},
{"learn":[0.04472127377],"iteration":543,"passed_time":1.599779475,"remaining_time":1.340991619},
{"learn":[0.04462634179],"iteration":544,"passed_time":1.60264947,"remaining_time":1.33799176},
{"learn":[0.04457012116],"iteration":545,"passed_time":1.605603514,"remaining_time":1.335062262},
{"learn":[0.04450797799],"iteration":546,"passed_time":1.60835347,"remaining_time":1.33196366},
{"learn":[0.04444722384],"iteration":547,"passed_time":1.611047948,"remaining_time":1.32882057},
{"learn":[0.0444115301],"iteration":548,"passed_time":1.613926701,"remaining_time":1.325830495},
{"learn":[0.04437061522],"iteration":549,"passed_time":1.616808751,"remaining_time":1.322843523},
{"learn":[0.04433054418],"iteration":550,"passed_time":1.619775927,"remaining_time":1.3199263},
{"learn":[0.04424667994],"iteration":551,"passed_time":1.622568449,"remaining_time":1.316867147},
{"learn":[0.04419140768],"iteration":552,"passed_time":1.625393697,"remaining_time":1.313835411},
{"learn":[0.04412428436],"iteration":553,"passed_time":1.628127963,"remaining_time":1.310731176},
{"learn":[0.04407611774],"iteration":554,"passed_time":1.630974021,"remaining_time":1.307717909},
{"learn":[0.04400477558],"iteration":555,"passed_time":1.633823456,"remaining_time":1.30470794},
{"learn":[0.0439506417],"iteration":556,"passed_time":1.636532253,"remaining_time":1.301586693},
{"learn":[0.04388419329],"iteration":557,"passed_time":1.639345816,"remaining_time":1.298549912},
{"learn":[0.0437780575],"iteration":558,"passed_time":1.642056497,"remaining_time":1.295432764},
{"learn":[0.04374060085],"iteration":559,"passed_time":1.644788579,"remaining_time":1.292333884},
{"learn":[0.04364775564],"iteration":560,"passed_time":1.647621812,"remaining_time":1.289315464},
{"learn":[0.04358745107],"iteration":561,"passed_time":1.650292324,"remaining_time":1.286170886},
{"learn":[0.04355570917],"iteration":562,"passed_time":1.652980228,"remaining_time":1.283041491},
{"learn":[0.0434689779],"iteration":563,"passed_time":1.655733402,"remaining_time":1.279964119},
{"learn":[0.04343516043],"iteration":564,"passed_time":1.658530033,"remaining_time":1.276921353},
{"learn":[0.04338078863],"iteration":565,"passed_time":1.66148223,"remaining_time":1.273998742},
{"learn":[0.04329108533],"iteration":566,"passed_time":1.664263601,"remaining_time":1.270945571},
{"learn":[0.04322885622],"iteration":567,"passed_time":1.667205438,"remaining_time":1.268015403},
{"learn":[0.04316031681],"iteration":568,"passed_time":1.669960195,"remaining_time":1.264943487},
{"learn":[0.04312608119],"iteration":569,"passed_time":1.672724583,"remaining_time":1.261879948},
{"learn":[0.04306329443],"iteration":570,"passed_time":1.675634196,"remaining_time":1.258926567},
{"learn":[0.04300568725],"iteration":571,"passed_time":1.678354956,"remaining_time":1.25583203},
{"learn":[0.04296745446],"iteration":572,"passed_time":1.681136727,"remaining_time":1.252784262},
{"learn":[0.04288589217],"iteration":573,"passed_time":1.684154636,"remaining_time":1.249912674},
{"learn":[0.04280736255],"iteration":574,"passed_time":1.687107063,"remaining_time":1.246992177},
{"learn":[0.04271095362],"iteration":575,"passed_time":1.689959944,"remaining_time":1.243998292},
{"learn":[0.04260922926],"iteration":576,"passed_time":1.69273873,"remaining_time":1.240950576},
{"learn":[0.0425309252],"iteration":577,"passed_time":1.695509869,"remaining_time":1.237898209},
{"learn":[0.04245309614],"iteration":578,"passed_time":1.698241523,"remaining_time":1.234818102},
{"learn":[0.04238783414],"iteration":579,"passed_time":1.701051468,"remaining_time":1.23179589},
{"learn":[0.04232524669],"iteration":580,"passed_time":1.703850402,"remaining_time":1.228766469},
{"learn":[0.04225789793],"iteration":581,"passed_time":1.706820926,"remaining_time":1.225861078},
{"learn":[0.04222228718],"iteration":582,"passed_time":1.709517809,"remaining_time":1.222759737},
{"learn":[0.04216448046],"iteration":583,"passed_time":1.712225033,"remaining_time":1.219667147},
{"learn":[0.04207559863],"iteration":584,"passed_time":1.715275084,"remaining_time":1.216819077},
{"learn":[0.04200958696],"iteration":585,"passed_time":1.717990173,"remaining_time":1.213733672},
{"learn":[0.04197009618],"iteration":586,"passed_time":1.720991739,"remaining_time":1.210851088},
{"learn":[0.04191387496],"iteration":587,"passed_time":1.723705515,"remaining_time":1.207766449},
{"learn":[0.04185768775],"iteration":588,"passed_time":1.726455824,"remaining_time":1.204708563},
{"learn":[0.04178063862],"iteration":589,"passed_time":1.729157176,"remaining_time":1.201617698},
{"learn":[0.04172595838],"iteration":590,"passed_time":1.731846915,"remaining_time":1.198520115},
{"learn":[0.04167133866],"iteration":591,"passed_time":1.734757079,"remaining_time":1.195575825},
{"learn":[0.04157233441],"iteration":592,"passed_time":1.737480895,"remaining_time":1.192503751},
{"learn":[0.04147231304],"iteration":593,"passed_time":1.740419026,"remaining_time":1.189579334},
{"learn":[0.04142044709],"iteration":594,"passed_time":1.743186107,"remaining_time":1.186538443},
{"learn":[0.04135555427],"iteration":595,"passed_time":1.745912599,"remaining_time":1.183470956},
{"learn":[0.04131670378],"iteration":596,"passed_time":1.748691875,"remaining_time":1.180440244},
{"learn":[0.04122943428],"iteration":597,"passed_time":1.751489738,"remaining_time":1.177422867},
{"learn":[0.04118332076],"iteration":598,"passed_time":1.754377769,"remaining_time":1.174466586},
{"learn":[0.04109983299],"iteration":599,"passed_time":1.757139941,"remaining_time":1.171426627},
{"learn":[0.04104994856],"iteration":600,"passed_time":1.759805142,"remaining_time":1.168323214},
{"learn":[0.04098616352],"iteration":601,"passed_time":1.7626114,"remaining_time":1.165314514},
{"learn":[0.04092521877],"iteration":602,"passed_time":1.765338313,"remaining_time":1.162254246},
{"learn":[0.04085841989],"iteration":603,"passed_time":1.768183669,"remaining_time":1.159272737},
{"learn":[0.04080698329],"iteration":604,"passed_time":1.770890953,"remaining_time":1.156201531},
{"learn":[0.04074962097],"iteration":605,"passed_time":1.77386809,"remaining_time":1.153306976},
{"learn":[0.04067381452],"iteration":606,"passed_time":1.776749027,"remaining_time":1.150349864},
{"learn":[0.0405894682],"iteration":607,"passed_time":1.779508775,"remaining_time":1.147314868},
{"learn":[0.0405487604],"iteration":608,"passed_time":1.782392848,"remaining_time":1.144360597},
{"learn":[0.040500665],"iteration":609,"passed_time":1.785363031,"remaining_time":1.14146161},
{"learn":[0.04044130599],"iteration":610,"passed_time":1.788397291,"remaining_time":1.138603186},
{"learn":[0.04038255372],"iteration":611,"passed_time":1.791281084,"remaining_time":1.135648792},
{"learn":[0.04031675678],"iteration":612,"passed_time":1.794058847,"remaining_time":1.13262769},
{"learn":[0.04026788194],"iteration":613,"passed_time":1.796770669,"remaining_time":1.129565926},
{"learn":[0.04020882065],"iteration":614,"passed_time":1.799532331,"remaining_time":1.1265365},
{"learn":[0.04011738858],"iteration":615,"passed_time":1.802301797,"remaining_time":1.123512809},
{"learn":[0.04004360943],"iteration":616,"passed_time":1.805078458,"remaining_time":1.120494408},
{"learn":[0.0399787843],"iteration":617,"passed_time":1.807883635,"remaining_time":1.117494415},
{"learn":[0.03996031791],"iteration":618,"passed_time":1.81072831,"remaining_time":1.114519364},
{"learn":[0.03989966701],"iteration":619,"passed_time":1.813698965,"remaining_time":1.111621946},
{"learn":[0.03986959772],"iteration":620,"passed_time":1.816435466,"remaining_time":1.108581387},
{"learn":[0.03981178723],"iteration":621,"passed_time":1.819205524,"remaining_time":1.105562199},
{"learn":[0.03972158301],"iteration":622,"passed_time":1.822042253,"remaining_time":1.102584156},
{"learn":[0.03963092639],"iteration":623,"passed_time":1.824779526,"remaining_time":1.099546638},
{"learn":[0.03954190882],"iteration":624,"passed_time":1.827714833,"remaining_time":1.0966289},
{"learn":[0.03949142894],"iteration":625,"passed_time":1.830430841,"remaining_time":1.093580087},
{"learn":[0.03942574879],"iteration":626,"passed_time":1.833169437,"remaining_time":1.090545774},
{"learn":[0.03936772358],"iteration":627,"passed_time":1.835943994,"remaining_time":1.087533703},
{"learn":[0.03932649238],"iteration":628,"passed_time":1.838777918,"remaining_time":1.084557405},
{"learn":[0.03925508594],"iteration":629,"passed_time":1.841771978,"remaining_time":1.081675606},
{"learn":[0.03919920423],"iteration":630,"passed_time":1.844453511,"remaining_time":1.07861069},
{"learn":[0.03913086824],"iteration":631,"passed_time":1.847295411,"remaining_time":1.075640366},
{"learn":[0.03908551556],"iteration":632,"passed_time":1.85029363,"remaining_time":1.072761077},
{"learn":[0.03902344067],"iteration":633,"passed_time":1.853065681,"remaining_time":1.069750851},
{"learn":[0.03897208706],"iteration":634,"passed_time":1.85593722,"remaining_time":1.066798559},
{"learn":[0.03894040155],"iteration":635,"passed_time":1.858653311,"remaining_time":1.063757556},
{"learn":[0.03891158295],"iteration":636,"passed_time":1.861623815,"remaining_time":1.060862551},
{"learn":[0.03887449925],"iteration":637,"passed_time":1.86457963,"remaining_time":1.057958975},
{"learn":[0.03883345253],"iteration":638,"passed_time":1.867387543,"remaining_time":1.054971679},
{"learn":[0.03878792303],"iteration":639,"passed_time":1.870120567,"remaining_time":1.051942819},
{"learn":[0.03871172915],"iteration":640,"passed_time":1.872856387,"remaining_time":1.048916448},
{"learn":[0.03863125544],"iteration":641,"passed_time":1.875788305,"remaining_time":1.046000332},
{"learn":[0.03858301725],"iteration":642,"passed_time":1.878606888,"remaining_time":1.043021243},
{"learn":[0.03851857272],"iteration":643,"passed_time":1.881463888,"remaining_time":1.040063888},
{"learn":[0.03848180923],"iteration":644,"passed_time":1.884331388,"remaining_time":1.037112625},
{"learn":[0.0384211582],"iteration":645,"passed_time":1.887453304,"remaining_time":1.034301036},
{"learn":[0.0383804504],"iteration":646,"passed_time":1.890276505,"remaining_time":1.031325512},
{"learn":[0.03834443292],"iteration":647,"passed_time":1.893132172,"remaining_time":1.028368094},
{"learn":[0.03833242317],"iteration":648,"passed_time":1.895891087,"remaining_time":1.025358662},
{"learn":[0.03830202249],"iteration":649,"passed_time":1.898603551,"remaining_time":1.022324989},
{"learn":[0.03823740479],"iteration":650,"passed_time":1.90150569,"remaining_time":1.019393988},
{"learn":[0.0382073468],"iteration":651,"passed_time":1.904177223,"remaining_time":1.01633999},
{"learn":[0.03818232559],"iteration":652,"passed_time":1.906917051,"remaining_time":1.013323456},
{"learn":[0.03811003388],"iteration":653,"passed_time":1.909930109,"remaining_time":1.010452321},
{"learn":[0.03805733151],"iteration":654,"passed_time":1.912645148,"remaining_time":1.00742378},
{"learn":[0.03800703658],"iteration":655,"passed_time":1.915622887,"remaining_time":1.004533953},
{"learn":[0.03794353006],"iteration":656,"passed_time":1.918332044,"remaining_time":1.001503639},
{"learn":[0.03789783045],"iteration":657,"passed_time":1.921031713,"remaining_time":0.9984693706},
{"learn":[0.03786800214],"iteration":658,"passed_time":1.923841279,"remaining_time":0.9954929834},
{"learn":[0.03783428991],"iteration":659,"passed_time":1.92685097,"remaining_time":0.9926201966},
{"learn":[0.03781375548],"iteration":660,"passed_time":1.929802075,"remaining_time":0.9897169494},
{"learn":[0.03774531402],"iteration":661,"passed_time":1.932504088,"remaining_time":0.9866863775},
{"learn":[0.03767449937],"iteration":662,"passed_time":1.935479693,"remaining_time":0.983795862},
{"learn":[0.03762349999],"iteration":663,"passed_time":1.938251764,"remaining_time":0.9808020976},
{"learn":[0.03759816222],"iteration":664,"passed_time":1.941022063,"remaining_time":0.9778081068},
{"learn":[0.03753822695],"iteration":665,"passed_time":1.943747151,"remaining_time":0.9747921149},
{"learn":[0.03751217332],"iteration":666,"passed_time":1.946391803,"remaining_time":0.9717368372},
{"learn":[0.03746500876],"iteration":667,"passed_time":1.949372806,"remaining_time":0.9688499576},
{"learn":[0.0373946311],"iteration":668,"passed_time":1.952144136,"remaining_time":0.9658590569},
{"learn":[0.03731638755],"iteration":669,"passed_time":1.955067759,"remaining_time":0.9629438218},
{"learn":[0.03726458164],"iteration":670,"passed_time":1.95789594,"remaining_time":0.959981765},
{"learn":[0.03723791784],"iteration":671,"passed_time":1.960566361,"remaining_time":0.9569431048},
{"learn":[0.0371940493],"iteration":672,"passed_time":1.963388622,"remaining_time":0.9539793155},
{"learn":[0.03711134922],"iteration":673,"passed_time":1.966219129,"remaining_time":0.9510199348},
{"learn":[0.03700771515],"iteration":674,"passed_time":1.969140166,"remaining_time":0.9481045244},
{"learn":[0.03698851417],"iteration":675,"passed_time":1.971839463,"remaining_time":0.9450828196},
{"learn":[0.0369458059],"iteration":676,"passed_time":1.97460379,"remaining_time":0.9420930932},
{"learn":[0.03688936312],"iteration":677,"passed_time":1.977428165,"remaining_time":0.9391325502},
{"learn":[0.03682246265],"iteration":678,"passed_time":1.980327748,"remaining_time":0.9362079636},
{"learn":[0.03678574072],"iteration":679,"passed_time":1.983326098,"remaining_time":0.9333299283},
{"learn":[0.0367200641],"iteration":680,"passed_time":1.986204901,"remaining_time":0.9303955411},
{"learn":[0.03665885589],"iteration":681,"passed_time":1.989287105,"remaining_time":0.9275561576},
{"learn":[0.03659593704],"iteration":682,"passed_time":1.992083445,"remaining_time":0.9245833852},
{"learn":[0.03655771567],"iteration":683,"passed_time":1.994999802,"remaining_time":0.9216665752},
{"learn":[0.03650749961],"iteration":684,"passed_time":1.997783326,"remaining_time":0.9186886829},
{"learn":[0.03645149735],"iteration":685,"passed_time":2.000461492,"remaining_time":0.9156631321},
{"learn":[0.03642788117],"iteration":686,"passed_time":2.003367099,"remaining_time":0.9127422154},
{"learn":[0.03637251556],"iteration":687,"passed_time":2.006087397,"remaining_time":0.9097373081},
{"learn":[0.0363107949],"iteration":688,"passed_time":2.009127104,"remaining_time":0.9068774012},
{"learn":[0.03625638213],"iteration":689,"passed_time":2.012077954,"remaining_time":0.9039770517},
{"learn":[0.03618337878],"iteration":690,"passed_time":2.015169329,"remaining_time":0.9011393959},
{"learn":[0.03612585825],"iteration":691,"passed_time":2.017920939,"remaining_time":0.898149782},
{"learn":[0.03610114971],"iteration":692,"passed_time":2.020530588,"remaining_time":0.8950979663},
{"learn":[0.03607426377],"iteration":693,"passed_time":2.023386927,"remaining_time":0.8921561954},
{"learn":[0.03603143896],"iteration":694,"passed_time":2.026090012,"remaining_time":0.8891474154},
{"learn":[0.0359620032],"iteration":695,"passed_time":2.028903816,"remaining_time":0.8861878738},
{"learn":[0.03593121062],"iteration":696,"passed_time":2.031622152,"remaining_time":0.8831872483},
{"learn":[0.03587144876],"iteration":697,"passed_time":2.034346219,"remaining_time":0.8801899113},
{"learn":[0.03581664457],"iteration":698,"passed_time":2.037331853,"remaining_time":0.877305991},
{"learn":[0.03576529448],"iteration":699,"passed_time":2.040160306,"remaining_time":0.8743544167},
{"learn":[0.03570946163],"iteration":700,"passed_time":2.043140379,"remaining_time":0.8714678648},
{"learn":[0.03567906095],"iteration":701,"passed_time":2.045762514,"remaining_time":0.8684291013},
{"learn":[0.03561068705],"iteration":702,"passed_time":2.048582531,"remaining_time":0.8654751234},
{"learn":[0.03557049547],"iteration":703,"passed_time":2.051323873,"remaining_time":0.8624884467},
{"learn":[0.03551191272],"iteration":704,"passed_time":2.054077787,"remaining_time":0.8595077265},
{"learn":[0.03546747157],"iteration":705,"passed_time":2.05694131,"remaining_time":0.8565732933},
{"learn":[0.03543681084],"iteration":706,"passed_time":2.059574126,"remaining_time":0.8535434497},
{"learn":[0.03542192323],"iteration":707,"passed_time":2.062344114,"remaining_time":0.8505713012},
{"learn":[0.03540136961],"iteration":708,"passed_time":2.065068451,"remaining_time":0.8475809862},
{"learn":[0.03537221209],"iteration":709,"passed_time":2.067848138,"remaining_time":0.8446140282},
{"learn":[0.03530823844],"iteration":710,"passed_time":2.070719276,"remaining_time":0.8416847688},
{"learn":[0.0352575854],"iteration":711,"passed_time":2.073450727,"remaining_time":0.8386991703},
{"learn":[0.0352095019],"iteration":712,"passed_time":2.076265293,"remaining_time":0.8357477407},
{"learn":[0.03518851129],"iteration":713,"passed_time":2.078983087,"remaining_time":0.8327579311},
{"learn":[0.03512640238],"iteration":714,"passed_time":2.081739928,"remaining_time":0.8297844469},
{"learn":[0.03507976534],"iteration":715,"passed_time":2.084544364,"remaining_time":0.826830446},
{"learn":[0.03505705327],"iteration":716,"passed_time":2.087410873,"remaining_time":0.8239013628},
{"learn":[0.03500037293],"iteration":717,"passed_time":2.090355576,"remaining_time":0.8210031651},
{"learn":[0.03493967693],"iteration":718,"passed_time":2.093115002,"remaining_time":0.8180324278},
{"learn":[0.03489125027],"iteration":719,"passed_time":2.095997402,"remaining_time":0.8151101009},
{"learn":[0.03487430192],"iteration":720,"passed_time":2.098676841,"remaining_time":0.8121093461},
{"learn":[0.03484860627],"iteration":721,"passed_time":2.10145183,"remaining_time":0.8091462725},
{"learn":[0.03482219111],"iteration":722,"passed_time":2.104201626,"remaining_time":0.8061740668},
{"learn":[0.03480114399],"iteration":723,"passed_time":2.106886445,"remaining_time":0.8031777055},
{"learn":[0.03475131219],"iteration":724,"passed_time":2.109813884,"remaining_time":0.8002742319},
{"learn":[0.03474007105],"iteration":725,"passed_time":2.112529243,"remaining_time":0.7972906511},
{"learn":[0.03465774757],"iteration":726,"passed_time":2.11536429,"remaining_time":0.7943527526},
{"learn":[0.0346159812],"iteration":727,"passed_time":2.118090911,"remaining_time":0.7913746262},
{"learn":[0.034563814],"iteration":728,"passed_time":2.120902672,"remaining_time":0.7884288395},
{"learn":[0.0345288851],"iteration":729,"passed_time":2.123920409,"remaining_time":0.7855596033},
{"learn":[0.03448416895],"iteration":730,"passed_time":2.126845153,"remaining_time":0.7826557402},
{"learn":[0.03443714001],"iteration":731,"passed_time":2.129949282,"remaining_time":0.7798174966},
{"learn":[0.03437215689],"iteration":732,"passed_time":2.13264394,"remaining_time":0.776829375},
{"learn":[0.03432832237],"iteration":733,"passed_time":2.135402916,"remaining_time":0.7738653618},
{"learn":[0.03426568241],"iteration":734,"passed_time":2.138197231,"remaining_time":0.770914648},
{"learn":[0.03419492015],"iteration":735,"passed_time":2.140899014,"remaining_time":0.767931168},
{"learn":[0.03414959773],"iteration":736,"passed_time":2.14382486,"remaining_time":0.7650284098},
{"learn":[0.03409710255],"iteration":737,"passed_time":2.14649024,"remaining_time":0.7620331205},
{"learn":[0.03405956315],"iteration":738,"passed_time":2.149269967,"remaining_time":0.7590791089},
{"learn":[0.03403917929],"iteration":739,"passed_time":2.151963994,"remaining_time":0.7560954575},
{"learn":[0.03399074897],"iteration":740,"passed_time":2.154992092,"remaining_time":0.7532293548},
{"learn":[0.03393028254],"iteration":741,"passed_time":2.157946495,"remaining_time":0.7503371909},
{"learn":[0.03388309161],"iteration":742,"passed_time":2.160668067,"remaining_time":0.7473643245},
{"learn":[0.03383619075],"iteration":743,"passed_time":2.163444918,"remaining_time":0.7444111545},
{"learn":[0.03378648667],"iteration":744,"passed_time":2.166170127,"remaining_time":0.7414407816},
{"learn":[0.03371352876],"iteration":745,"passed_time":2.169147394,"remaining_time":0.7385568875},
{"learn":[0.03369224055],"iteration":746,"passed_time":2.171964605,"remaining_time":0.7356185343},
{"learn":[0.03364144459],"iteration":747,"passed_time":2.174707812,"remaining_time":0.7326555729},
{"learn":[0.03359069761],"iteration":748,"passed_time":2.177827639,"remaining_time":0.7298194091},
{"learn":[0.03352444485],"iteration":749,"passed_time":2.180612947,"remaining_time":0.7268709823},
{"learn":[0.03348494265],"iteration":750,"passed_time":2.183503152,"remaining_time":0.7239577695},
{"learn":[0.03344146624],"iteration":751,"passed_time":2.186398498,"remaining_time":0.7210463131},
{"learn":[0.03338665804],"iteration":752,"passed_time":2.189399182,"remaining_time":0.7181694527},
{"learn":[0.0333511111],"iteration":753,"passed_time":2.192200711,"remaining_time":0.7152272878},
{"learn":[0.03333278044],"iteration":754,"passed_time":2.194880451,"remaining_time":0.712245974},
{"learn":[0.03327941494],"iteration":755,"passed_time":2.19795974,"remaining_time":0.7093944134},
{"learn":[0.03322621531],"iteration":756,"passed_time":2.200804987,"remaining_time":0.7064671226},
{"learn":[0.03318398959],"iteration":757,"passed_time":2.203570756,"remaining_time":0.7035146742},
{"learn":[0.03316511247],"iteration":758,"passed_time":2.206329241,"remaining_time":0.7005604044},
{"learn":[0.03312328206],"iteration":759,"passed_time":2.209181442,"remaining_time":0.6976362449},
{"learn":[0.03306596118],"iteration":760,"passed_time":2.212056766,"remaining_time":0.6947195363},
{"learn":[0.03301457366],"iteration":761,"passed_time":2.214841824,"remaining_time":0.6917747428},
{"learn":[0.03294704408],"iteration":762,"passed_time":2.217942245,"remaining_time":0.688928325},
{"learn":[0.03292628715],"iteration":763,"passed_time":2.220617024,"remaining_time":0.6859497613},
{"learn":[0.03288161644],"iteration":764,"passed_time":2.223405008,"remaining_time":0.6830067671},
{"learn":[0.0328490984],"iteration":765,"passed_time":2.226170236,"remaining_time":0.6800572262},
{"learn":[0.03281344998],"iteration":766,"passed_time":2.22890306,"remaining_time":0.6770983219},
{"learn":[0.03278244632],"iteration":767,"passed_time":2.231741482,"remaining_time":0.6741719061},
{"learn":[0.03273432526],"iteration":768,"passed_time":2.234423867,"remaining_time":0.6711988468},
{"learn":[0.03266323939],"iteration":769,"passed_time":2.237361396,"remaining_time":0.6683027547},
{"learn":[0.03262713491],"iteration":770,"passed_time":2.24013474,"remaining_time":0.6653577892},
{"learn":[0.03260889808],"iteration":771,"passed_time":2.2427543,"remaining_time":0.6623678503},
{"learn":[0.03258820143],"iteration":772,"passed_time":2.245453097,"remaining_time":0.6594021383},
{"learn":[0.03255695679],"iteration":773,"passed_time":2.248164528,"remaining_time":0.6564408054},
{"learn":[0.03253823789],"iteration":774,"passed_time":2.250978885,"remaining_time":0.6535099987},
{"learn":[0.03248427742],"iteration":775,"passed_time":2.253798179,"remaining_time":0.6505809176},
{"learn":[0.03242938234],"iteration":776,"passed_time":2.256724497,"remaining_time":0.6476828352},
{"learn":[0.03233508324],"iteration":777,"passed_time":2.259489363,"remaining_time":0.64473861},
{"learn":[0.03230078687],"iteration":778,"passed_time":2.262164814,"remaining_time":0.6417694786},
{"learn":[0.03226152577],"iteration":779,"passed_time":2.271392,"remaining_time":0.6406490257},
{"learn":[0.03224048242],"iteration":780,"passed_time":2.274105947,"remaining_time":0.6376814371},
{"learn":[0.03221997413],"iteration":781,"passed_time":2.276802841,"remaining_time":0.6347097433},
{"learn":[0.03216169652],"iteration":782,"passed_time":2.2795086,"remaining_time":0.6317412085},
{"learn":[0.03210066136],"iteration":783,"passed_time":2.282260622,"remaining_time":0.6287860899},
{"learn":[0.03203999539],"iteration":784,"passed_time":2.28527863,"remaining_time":0.6259043383},
{"learn":[0.03202246301],"iteration":785,"passed_time":2.288173115,"remaining_time":0.6229886088},
{"learn":[0.0319872291],"iteration":786,"passed_time":2.291192185,"remaining_time":0.6201066523},
{"learn":[0.03195251846],"iteration":787,"passed_time":2.294151552,"remaining_time":0.6172082856},
{"learn":[0.03193075971],"iteration":788,"passed_time":2.297070346,"remaining_time":0.6142989138},
{"learn":[0.0318933066],"iteration":789,"passed_time":2.299928817,"remaining_time":0.6113734829},
{"learn":[0.03183171767],"iteration":790,"passed_time":2.302688454,"remaining_time":0.6084221073},
{"learn":[0.03177783254],"iteration":791,"passed_time":2.305568409,"remaining_time":0.6055028144},
{"learn":[0.03175060367],"iteration":792,"passed_time":2.308190885,"remaining_time":0.60251641},
{"learn":[0.03171196815],"iteration":793,"passed_time":2.310894532,"remaining_time":0.5995519818},
{"learn":[0.03165688507],"iteration":794,"passed_time":2.313757884,"remaining_time":0.5966293914},
{"learn":[0.03162443884],"iteration":795,"passed_time":2.316642327,"remaining_time":0.5937123553},
{"learn":[0.03158529993],"iteration":796,"passed_time":2.319519477,"remaining_time":0.590793543},
{"learn":[0.03153989086],"iteration":797,"passed_time":2.322274937,"remaining_time":0.5878440318},
{"learn":[0.03147975581],"iteration":798,"passed_time":2.325171052,"remaining_time":0.5849303899},
{"learn":[0.0314410672],"iteration":799,"passed_time":2.327971801,"remaining_time":0.5819929503},
{"learn":[0.03138575997],"iteration":800,"passed_time":2.330763812,"remaining_time":0.5790536812},
{"learn":[0.03130250812],"iteration":801,"passed_time":2.333572666,"remaining_time":0.5761189376},
{"learn":[0.03128204692],"iteration":802,"passed_time":2.336295481,"remaining_time":0.5731633994},
{"learn":[0.03126974922],"iteration":803,"passed_time":2.339220645,"remaining_time":0.5702577692},
{"learn":[0.03124382931],"iteration":804,"passed_time":2.342067535,"remaining_time":0.5673331296},
{"learn":[0.03119933365],"iteration":805,"passed_time":2.345079943,"remaining_time":0.5644485222},
{"learn":[0.0311800817],"iteration":806,"passed_time":2.347981419,"remaining_time":0.5615370681},
{"learn":[0.03115469496],"iteration":807,"passed_time":2.350728782,"remaining_time":0.5585890176},
{"learn":[0.03109428515],"iteration":808,"passed_time":2.353446797,"remaining_time":0.5556345343},
{"learn":[0.03108098716],"iteration":809,"passed_time":2.356211995,"remaining_time":0.5526917026},
{"learn":[0.03104266784],"iteration":810,"passed_time":2.373218265,"remaining_time":0.5530681284},
{"learn":[0.03102550099],"iteration":811,"passed_time":2.375887112,"remaining_time":0.5500822378},
{"learn":[0.03097658071],"iteration":812,"passed_time":2.37875783,"remaining_time":0.5471435598},
{"learn":[0.03091661754],"iteration":813,"passed_time":2.381497177,"remaining_time":0.5441750306},
{"learn":[0.03086071876],"iteration":814,"passed_time":2.384218789,"remaining_time":0.541203038},
{"learn":[0.03081280466],"iteration":815,"passed_time":2.387217699,"remaining_time":0.5382941871},
{"learn":[0.030778151],"iteration":816,"passed_time":2.3902468,"remaining_time":0.535391878},
{"learn":[0.03073069449],"iteration":817,"passed_time":2.393197233,"remaining_time":0.5324717561},
{"learn":[0.030652191],"iteration":818,"passed_time":2.395982542,"remaining_time":0.5295150673},
{"learn":[0.0306354894],"iteration":819,"passed_time":2.398705957,"remaining_time":0.5265452102},
{"learn":[0.03058339755],"iteration":820,"passed_time":2.401395826,"remaining_time":0.5235686392},
{"learn":[0.0305676867],"iteration":821,"passed_time":2.404040726,"remaining_time":0.5205830282},
{"learn":[0.03051775318],"iteration":822,"passed_time":2.407076219,"remaining_time":0.5176822487},
{"learn":[0.03047244052],"iteration":823,"passed_time":2.409803843,"remaining_time":0.5147153839},
{"learn":[0.03043011273],"iteration":824,"passed_time":2.412756473,"remaining_time":0.5117968276},
{"learn":[0.03039733676],"iteration":825,"passed_time":2.415578802,"remaining_time":0.5088507404},
{"learn":[0.03038228493],"iteration":826,"passed_time":2.418400362,"remaining_time":0.5059047916},
{"learn":[0.030340206],"iteration":827,"passed_time":2.421140731,"remaining_time":0.5029422774},
{"learn":[0.03027977936],"iteration":828,"passed_time":2.423938764,"remaining_time":0.4999921937},
{"learn":[0.03023659666],"iteration":829,"passed_time":2.426851934,"remaining_time":0.4970660589},
{"learn":[0.03019630866],"iteration":830,"passed_time":2.429660539,"remaining_time":0.4941186896},
{"learn":[0.03015244412],"iteration":831,"passed_time":2.446702929,"remaining_time":0.4940457838},
{"learn":[0.03010986417],"iteration":832,"passed_time":2.449556703,"remaining_time":0.4910875982},
{"learn":[0.03008884354],"iteration":833,"passed_time":2.452267604,"remaining_time":0.4881012256},
{"learn":[0.03006060508],"iteration":834,"passed_time":2.454988353,"remaining_time":0.4851174591},
{"learn":[0.02999681803],"iteration":835,"passed_time":2.457642452,"remaining_time":0.4821212465},
{"learn":[0.02996553926],"iteration":836,"passed_time":2.460791941,"remaining_time":0.4792223254},
{"learn":[0.02995895995],"iteration":837,"passed_time":2.463475457,"remaining_time":0.4762327255},
{"learn":[0.02992048041],"iteration":838,"passed_time":2.466282248,"remaining_time":0.4732675112},
{"learn":[0.02991043169],"iteration":839,"passed_time":2.469002156,"remaining_time":0.4702861249},
{"learn":[0.02985237987],"iteration":840,"passed_time":2.471757013,"remaining_time":0.467311968},
{"learn":[0.02982232942],"iteration":841,"passed_time":2.4748249,"remaining_time":0.4643970714},
{"learn":[0.02977352616],"iteration":842,"passed_time":2.477535239,"remaining_time":0.4614152225},
{"learn":[0.02972998182],"iteration":843,"passed_time":2.480461416,"remaining_time":0.458473911},
{"learn":[0.02969295086],"iteration":844,"passed_time":2.483192737,"remaining_time":0.4554968926},
{"learn":[0.0296797846],"iteration":845,"passed_time":2.485881165,"remaining_time":0.4525126471},
{"learn":[0.02963050679],"iteration":846,"passed_time":2.488916808,"remaining_time":0.4495918201},
{"learn":[0.02960461326],"iteration":847,"passed_time":2.491994302,"remaining_time":0.4466782239},
{"learn":[0.02955801189],"iteration":848,"passed_time":2.495094904,"remaining_time":0.4437683516},
{"learn":[0.02952853369],"iteration":849,"passed_time":2.497924429,"remaining_time":0.4408101933},
{"learn":[0.02947960811],"iteration":850,"passed_time":2.500811217,"remaining_time":0.4378623635},
{"learn":[0.02943599785],"iteration":851,"passed_time":2.503587147,"remaining_time":0.4348954198},
{"learn":[0.02942023238],"iteration":852,"passed_time":2.506454519,"remaining_time":0.4319446826},
{"learn":[0.029367967],"iteration":853,"passed_time":2.509244414,"remaining_time":0.4289808951},
{"learn":[0.02934615916],"iteration":854,"passed_time":2.511984923,"remaining_time":0.426009139},
{"learn":[0.02931869473],"iteration":855,"passed_time":2.514871481,"remaining_time":0.4230624921},
{"learn":[0.02928356052],"iteration":856,"passed_time":2.517715034,"remaining_time":0.4201088097},
{"learn":[0.0292313593],"iteration":857,"passed_time":2.520732532,"remaining_time":0.4171841719},
{"learn":[0.02919946672],"iteration":858,"passed_time":2.523508841,"remaining_time":0.4142197283},
{"learn":[0.02915510115],"iteration":859,"passed_time":2.526347426,"remaining_time":0.4112658601},
{"learn":[0.02910380781],"iteration":860,"passed_time":2.529065389,"remaining_time":0.4082927864},
{"learn":[0.02908719673],"iteration":861,"passed_time":2.531930697,"remaining_time":0.4053438935},
{"learn":[0.0290567884],"iteration":862,"passed_time":2.534975248,"remaining_time":0.4024236489},
{"learn":[0.02903790551],"iteration":863,"passed_time":2.537757229,"remaining_time":0.399461786},
{"learn":[0.02898911155],"iteration":864,"passed_time":2.540693556,"remaining_time":0.3965244278},
{"learn":[0.02896004043],"iteration":865,"passed_time":2.543471559,"remaining_time":0.3935625738},
{"learn":[0.02892304526],"iteration":866,"passed_time":2.546296676,"remaining_time":0.3906083712},
{"learn":[0.0288817047],"iteration":867,"passed_time":2.548992576,"remaining_time":0.3876348158},
{"learn":[0.02884216283],"iteration":868,"passed_time":2.551721002,"remaining_time":0.3846668024},
{"learn":[0.02882525026],"iteration":869,"passed_time":2.554518664,"remaining_time":0.3817096855},
{"learn":[0.02879903852],"iteration":870,"passed_time":2.557280656,"remaining_time":0.3787476517},
{"learn":[0.02875525686],"iteration":871,"passed_time":2.560315569,"remaining_time":0.3758261386},
{"learn":[0.028722123],"iteration":872,"passed_time":2.563048792,"remaining_time":0.3728604772},
{"learn":[0.02867579475],"iteration":873,"passed_time":2.565820022,"remaining_time":0.369900827},
{"learn":[0.02863049893],"iteration":874,"passed_time":2.568601883,"remaining_time":0.3669431262},
{"learn":[0.02860977002],"iteration":875,"passed_time":2.571268326,"remaining_time":0.3639694891},
{"learn":[0.02858052397],"iteration":876,"passed_time":2.574063012,"remaining_time":0.3610145388},
{"learn":[0.02855514076],"iteration":877,"passed_time":2.576903469,"remaining_time":0.3580663135},
{"learn":[0.02853158309],"iteration":878,"passed_time":2.579727093,"remaining_time":0.3551160162},
{"learn":[0.02851239329],"iteration":879,"passed_time":2.582492251,"remaining_time":0.3521580342},
{"learn":[0.02847361438],"iteration":880,"passed_time":2.585189364,"remaining_time":0.3491912989},
{"learn":[0.02843026228],"iteration":881,"passed_time":2.58805942,"remaining_time":0.3462483124},
{"learn":[0.02838224635],"iteration":882,"passed_time":2.591046858,"remaining_time":0.3433210446},
{"learn":[0.02835684655],"iteration":883,"passed_time":2.594153601,"remaining_time":0.3404092961},
{"learn":[0.02831600878],"iteration":884,"passed_time":2.596991833,"remaining_time":0.3374622156},
{"learn":[0.02828248879],"iteration":885,"passed_time":2.599751401,"remaining_time":0.3345052592},
{"learn":[0.02824815699],"iteration":886,"passed_time":2.602531147,"remaining_time":0.3315513187},
{"learn":[0.02823306019],"iteration":887,"passed_time":2.605330443,"remaining_time":0.328600236},
{"learn":[0.02822189063],"iteration":888,"passed_time":2.608198925,"remaining_time":0.3256581335},
{"learn":[0.02820668646],"iteration":889,"passed_time":2.610894145,"remaining_time":0.322694782},
{"learn":[0.0281892445],"iteration":890,"passed_time":2.613654884,"remaining_time":0.3197400476},
{"learn":[0.02815379197],"iteration":891,"passed_time":2.616414541,"remaining_time":0.3167856171},
{"learn":[0.02813475663],"iteration":892,"passed_time":2.619076015,"remaining_time":0.3138198584},
{"learn":[0.02807344835],"iteration":893,"passed_time":2.62210304,"remaining_time":0.3108981233},
{"learn":[0.02802591073],"iteration":894,"passed_time":2.624835804,"remaining_time":0.3079416307},
{"learn":[0.02798059772],"iteration":895,"passed_time":2.627677834,"remaining_time":0.30499832},
{"learn":[0.02791978836],"iteration":896,"passed_time":2.630430658,"remaining_time":0.3020449919},
{"learn":[0.0279071309],"iteration":897,"passed_time":2.633171899,"remaining_time":0.2990907947},
{"learn":[0.027862447],"iteration":898,"passed_time":2.636012095,"remaining_time":0.2961481886},
{"learn":[0.02782073172],"iteration":899,"passed_time":2.638675832,"remaining_time":0.2931862036},
{"learn":[0.02780178667],"iteration":900,"passed_time":2.641539666,"remaining_time":0.2902468667},
{"learn":[0.02778140658],"iteration":901,"passed_time":2.644293391,"remaining_time":0.2872957343},
{"learn":[0.02774858716],"iteration":902,"passed_time":2.647054391,"remaining_time":0.2843458205},
{"learn":[0.0276883371],"iteration":903,"passed_time":2.649822605,"remaining_time":0.2813970908},
{"learn":[0.02763348593],"iteration":904,"passed_time":2.652597542,"remaining_time":0.2784494658},
{"learn":[0.02760665238],"iteration":905,"passed_time":2.655525182,"remaining_time":0.2755180652},
{"learn":[0.02755679044],"iteration":906,"passed_time":2.658283035,"remaining_time":0.2725692638},
{"learn":[0.02752906019],"iteration":907,"passed_time":2.661128774,"remaining_time":0.2696297877},
{"learn":[0.02750409525],"iteration":908,"passed_time":2.663909131,"remaining_time":0.2666839724},
{"learn":[0.02747785914],"iteration":909,"passed_time":2.666602266,"remaining_time":0.2637298945},
{"learn":[0.02743796327],"iteration":910,"passed_time":2.669566768,"remaining_time":0.2608029005},
{"learn":[0.02741046494],"iteration":911,"passed_time":2.672216701,"remaining_time":0.2578454711},
{"learn":[0.0273709253],"iteration":912,"passed_time":2.675111743,"remaining_time":0.2549120719},
{"learn":[0.02734586807],"iteration":913,"passed_time":2.677872593,"remaining_time":0.2519661302},
{"learn":[0.02729908411],"iteration":914,"passed_time":2.680658191,"remaining_time":0.2490228921},
{"learn":[0.02725736684],"iteration":915,"passed_time":2.683553056,"remaining_time":0.2460900182},
{"learn":[0.02722754253],"iteration":916,"passed_time":2.686495094,"remaining_time":0.2431614971},
{"learn":[0.02719488322],"iteration":917,"passed_time":2.689682156,"remaining_time":0.2402548331},
{"learn":[0.02715396457],"iteration":918,"passed_time":2.692477575,"remaining_time":0.2373130398},
{"learn":[0.02713044445],"iteration":919,"passed_time":2.695312059,"remaining_time":0.2343749617},
{"learn":[0.02706946204],"iteration":920,"passed_time":2.698069582,"remaining_time":0.231430507},
{"learn":[0.02701914238],"iteration":921,"passed_time":2.700936171,"remaining_time":0.2284956847},
{"learn":[0.02698818958],"iteration":922,"passed_time":2.703660268,"remaining_time":0.2255491231},
{"learn":[0.02693907753],"iteration":923,"passed_time":2.706562106,"remaining_time":0.2226176624},
{"learn":[0.02690884426],"iteration":924,"passed_time":2.70948733,"remaining_time":0.2196881619},
{"learn":[0.02687737159],"iteration":925,"passed_time":2.71222287,"remaining_time":0.2167435123},
{"learn":[0.02685448635],"iteration":926,"passed_time":2.715083158,"remaining_time":0.2138091376},
{"learn":[0.02683828955],"iteration":927,"passed_time":2.717741683,"remaining_time":0.2108592685},
{"learn":[0.02679994197],"iteration":928,"passed_time":2.720490749,"remaining_time":0.2079169464},
{"learn":[0.02675066429],"iteration":929,"passed_time":2.723392247,"remaining_time":0.2049865132},
{"learn":[0.02672713086],"iteration":930,"passed_time":2.726041045,"remaining_time":0.2020374136},
{"learn":[0.02667798479],"iteration":931,"passed_time":2.728852265,"remaining_time":0.199100809},
{"learn":[0.0266624078],"iteration":932,"passed_time":2.731579557,"remaining_time":0.1961584462},
{"learn":[0.02662411473],"iteration":933,"passed_time":2.734301991,"remaining_time":0.1932162006},
{"learn":[0.02657361614],"iteration":934,"passed_time":2.737061237,"remaining_time":0.1902769844},
{"learn":[0.02653407815],"iteration":935,"passed_time":2.739765966,"remaining_time":0.187334425},
{"learn":[0.02648535376],"iteration":936,"passed_time":2.742694236,"remaining_time":0.1844074033},
{"learn":[0.02645218977],"iteration":937,"passed_time":2.745390227,"remaining_time":0.1814650257},
{"learn":[0.02641287028],"iteration":938,"passed_time":2.748242177,"remaining_time":0.1785333044},
{"learn":[0.0263791976],"iteration":939,"passed_time":2.751081321,"remaining_time":0.1756009354},
{"learn":[0.02634140945],"iteration":940,"passed_time":2.753807783,"remaining_time":0.1726616994},
{"learn":[0.02630997093],"iteration":941,"passed_time":2.756837223,"remaining_time":0.16974157},
{"learn":[0.02629455015],"iteration":942,"passed_time":2.759528545,"remaining_time":0.166800771},
{"learn":[0.02624696732],"iteration":943,"passed_time":2.762359434,"remaining_time":0.16386878},
{"learn":[0.02622380696],"iteration":944,"passed_time":2.765269289,"remaining_time":0.1609415989},
{"learn":[0.02619550823],"iteration":945,"passed_time":2.768112099,"remaining_time":0.1580106272},
{"learn":[0.02617950166],"iteration":946,"passed_time":2.770882487,"remaining_time":0.1550757886},
{"learn":[0.02614841725],"iteration":947,"passed_time":2.773601775,"remaining_time":0.152138494},
{"learn":[0.02612871901],"iteration":948,"passed_time":2.776574904,"remaining_time":0.1492153004},
{"learn":[0.02610727823],"iteration":949,"passed_time":2.779362116,"remaining_time":0.1462822166},
{"learn":[0.02608413294],"iteration":950,"passed_time":2.78207969,"remaining_time":0.1433458516},
{"learn":[0.02605170342],"iteration":951,"passed_time":2.785022589,"remaining_time":0.140421307},
{"learn":[0.02602942834],"iteration":952,"passed_time":2.788053575,"remaining_time":0.1375010682},
{"learn":[0.02601810797],"iteration":953,"passed_time":2.790905103,"remaining_time":0.1345719442},
{"learn":[0.02598612663],"iteration":954,"passed_time":2.793788736,"remaining_time":0.1316444954},
{"learn":[0.02596721195],"iteration":955,"passed_time":2.796657038,"remaining_time":0.1287164327},
{"learn":[0.02594747592],"iteration":956,"passed_time":2.799377668,"remaining_time":0.1257818597},
{"learn":[0.02591045261],"iteration":957,"passed_time":2.802162585,"remaining_time":0.1228505518},
{"learn":[0.02586449342],"iteration":958,"passed_time":2.804922943,"remaining_time":0.1199184991},
{"learn":[0.02583132578],"iteration":959,"passed_time":2.807737589,"remaining_time":0.1169890662},
{"learn":[0.02581214905],"iteration":960,"passed_time":2.810613307,"remaining_time":0.1140623506},
{"learn":[0.02576466052],"iteration":961,"passed_time":2.813328555,"remaining_time":0.1111294024},
{"learn":[0.02574487916],"iteration":962,"passed_time":2.816119103,"remaining_time":0.1081997994},
{"learn":[0.02570929832],"iteration":963,"passed_time":2.818895383,"remaining_time":0.1052699521},
{"learn":[0.02565604995],"iteration":964,"passed_time":2.821652646,"remaining_time":0.1023397333},
{"learn":[0.02564150303],"iteration":965,"passed_time":2.824532446,"remaining_time":0.09941418548},
{"learn":[0.02560857237],"iteration":966,"passed_time":2.827331636,"remaining_time":0.09648598137},
{"learn":[0.02559620674],"iteration":967,"passed_time":2.830278865,"remaining_time":0.09356293768},
{"learn":[0.02555716613],"iteration":968,"passed_time":2.83304834,"remaining_time":0.09063415743},
{"learn":[0.02552483268],"iteration":969,"passed_time":2.835837717,"remaining_time":0.08770632115},
{"learn":[0.02551019181],"iteration":970,"passed_time":2.838533467,"remaining_time":0.08477597379},
{"learn":[0.02547008499],"iteration":971,"passed_time":2.841240731,"remaining_time":0.0818464408},
{"learn":[0.02543531985],"iteration":972,"passed_time":2.844179442,"remaining_time":0.07892378718},
{"learn":[0.02541421834],"iteration":973,"passed_time":2.846927686,"remaining_time":0.07599601627},
{"learn":[0.0253956181],"iteration":974,"passed_time":2.849728927,"remaining_time":0.07306997248},
{"learn":[0.02535133352],"iteration":975,"passed_time":2.852636898,"remaining_time":0.07014680897},
{"learn":[0.02531893614],"iteration":976,"passed_time":2.855334992,"remaining_time":0.06721873573},
{"learn":[0.02529868602],"iteration":977,"passed_time":2.858159146,"remaining_time":0.06429396853},
{"learn":[0.0252650456],"iteration":978,"passed_time":2.860829337,"remaining_time":0.06136610426},
{"learn":[0.02523188902],"iteration":979,"passed_time":2.86378409,"remaining_time":0.05844457326},
{"learn":[0.0252096874],"iteration":980,"passed_time":2.866588966,"remaining_time":0.05552007172},
{"learn":[0.02514280365],"iteration":981,"passed_time":2.869383382,"remaining_time":0.05259562208},
{"learn":[0.02511315439],"iteration":982,"passed_time":2.872109583,"remaining_time":0.04967025728},
{"learn":[0.025099877],"iteration":983,"passed_time":2.874857417,"remaining_time":0.04674564905},
{"learn":[0.02508435428],"iteration":984,"passed_time":2.877783684,"remaining_time":0.04382411701},
{"learn":[0.02504213032],"iteration":985,"passed_time":2.880596477,"remaining_time":0.04090096418},
{"learn":[0.02503274261],"iteration":986,"passed_time":2.883384599,"remaining_time":0.03797771001},
{"learn":[0.02501571892],"iteration":987,"passed_time":2.886330153,"remaining_time":0.03505664154},
{"learn":[0.02499377535],"iteration":988,"passed_time":2.889456166,"remaining_time":0.03213753066},
{"learn":[0.0249634951],"iteration":989,"passed_time":2.89228529,"remaining_time":0.02921500292},
{"learn":[0.02493792742],"iteration":990,"passed_time":2.895078934,"remaining_time":0.02629234148},
{"learn":[0.02491848911],"iteration":991,"passed_time":2.897892017,"remaining_time":0.02337009691},
{"learn":[0.02486647625],"iteration":992,"passed_time":2.900633839,"remaining_time":0.02044756986},
{"learn":[0.02484100652],"iteration":993,"passed_time":2.903471049,"remaining_time":0.01752598219},
{"learn":[0.02480221254],"iteration":994,"passed_time":2.906324882,"remaining_time":0.01460464765},
{"learn":[0.02478191344],"iteration":995,"passed_time":2.90912018,"remaining_time":0.01168321357},
{"learn":[0.02475836683],"iteration":996,"passed_time":2.911908334,"remaining_time":0.008762011034},
{"learn":[0.02472528383],"iteration":997,"passed_time":2.914678351,"remaining_time":0.00584103878},
{"learn":[0.02471062967],"iteration":998,"passed_time":2.917563867,"remaining_time":0.002920484352},
{"learn":[0.02468665172],"iteration":999,"passed_time":2.920264277,"remaining_time":0}
]}