{
"meta":{"test_sets":[],"test_metrics":[],"learn_metrics":[{"best_value":"Min","name":"Logloss"}],"launch_mode":"Train","parameters":"","iteration_count":1000,"learn_sets":["learn"],"name":"experiment"},
"iterations":[
{"learn":[0.6563308503],"iteration":0,"passed_time":0.002710616379,"remaining_time":2.707905763},
{"learn":[0.625151027],"iteration":1,"passed_time":0.005357354769,"remaining_time":2.67332003},
{"learn":[0.5966378868],"iteration":2,"passed_time":0.008081210317,"remaining_time":2.685655562},
{"learn":[0.567633888],"iteration":3,"passed_time":0.0109490268,"remaining_time":2.726307674},
{"learn":[0.5424632054],"iteration":4,"passed_time":0.01396564005,"remaining_time":2.77916237},
{"learn":[0.5208412644],"iteration":5,"passed_time":0.01704239455,"remaining_time":2.823356697},
{"learn":[0.4960214249],"iteration":6,"passed_time":0.01985544249,"remaining_time":2.816636342},
{"learn":[0.4748254369],"iteration":7,"passed_time":0.02266068687,"remaining_time":2.809925172},
{"learn":[0.4560633933],"iteration":8,"passed_time":0.02534949402,"remaining_time":2.791260953},
{"learn":[0.433736516],"iteration":9,"passed_time":0.02818941607,"remaining_time":2.790752191},
{"learn":[0.4196100957],"iteration":10,"passed_time":0.03091169716,"remaining_time":2.77924259},
{"learn":[0.4050446524],"iteration":11,"passed_time":0.03415533845,"remaining_time":2.812122865},
{"learn":[0.3909829541],"iteration":12,"passed_time":0.0370734016,"remaining_time":2.814726721},
{"learn":[0.3802251335],"iteration":13,"passed_time":0.04000683753,"remaining_time":2.817624414},
{"learn":[0.3686484902],"iteration":14,"passed_time":0.04319357638,"remaining_time":2.836378183},
{"learn":[0.3532090461],"iteration":15,"passed_time":0.04622240514,"remaining_time":2.842677916},
{"learn":[0.343892894],"iteration":16,"passed_time":0.04912970868,"remaining_time":2.840853155},
{"learn":[0.3344623773],"iteration":17,"passed_time":0.05196696553,"remaining_time":2.835086675},
{"learn":[0.3209817444],"iteration":18,"passed_time":0.05493869341,"remaining_time":2.836571486},
{"learn":[0.3126941681],"iteration":19,"passed_time":0.05800236348,"remaining_time":2.842115811},
{"learn":[0.3050857674],"iteration":20,"passed_time":0.06094617828,"remaining_time":2.841252787},
{"learn":[0.2988232301],"iteration":21,"passed_time":0.06392162341,"remaining_time":2.841606713},
{"learn":[0.2879940736],"iteration":22,"passed_time":0.06721745655,"remaining_time":2.855280654},
{"learn":[0.2813623469],"iteration":23,"passed_time":0.07005115646,"remaining_time":2.848747029},
{"learn":[0.2719764153],"iteration":24,"passed_time":0.07402060136,"remaining_time":2.886803453},
{"learn":[0.2676051808],"iteration":25,"passed_time":0.07690257547,"remaining_time":2.880888789},
{"learn":[0.2633906506],"iteration":26,"passed_time":0.07987143915,"remaining_time":2.878330011},
{"learn":[0.2582488514],"iteration":27,"passed_time":0.08300077599,"remaining_time":2.881312652},
{"learn":[0.2539477703],"iteration":28,"passed_time":0.08607183911,"remaining_time":2.881922613},
{"learn":[0.2495318053],"iteration":29,"passed_time":0.08886533417,"remaining_time":2.873312471},
{"learn":[0.2455615702],"iteration":30,"passed_time":0.09187934233,"remaining_time":2.87197041},
{"learn":[0.2393992846],"iteration":31,"passed_time":0.09464241636,"remaining_time":2.862933095},
{"learn":[0.2341485662],"iteration":32,"passed_time":0.09740741024,"remaining_time":2.854332294},
{"learn":[0.2308763875],"iteration":33,"passed_time":0.1004141679,"remaining_time":2.852943711},
{"learn":[0.2274973229],"iteration":34,"passed_time":0.1032905898,"remaining_time":2.847869118},
{"learn":[0.2245410642],"iteration":35,"passed_time":0.1060987111,"remaining_time":2.841087709},
{"learn":[0.2214503415],"iteration":36,"passed_time":0.1088415938,"remaining_time":2.832823104},
{"learn":[0.2190781162],"iteration":37,"passed_time":0.1117850092,"remaining_time":2.82992576},
{"learn":[0.2151467092],"iteration":38,"passed_time":0.1146430653,"remaining_time":2.824922711},
{"learn":[0.21194867],"iteration":39,"passed_time":0.1176601731,"remaining_time":2.823844154},
{"learn":[0.2075787298],"iteration":40,"passed_time":0.1206293989,"remaining_time":2.821551061},
{"learn":[0.2053978969],"iteration":41,"passed_time":0.1233818402,"remaining_time":2.814281022},
{"learn":[0.2030687084],"iteration":42,"passed_time":0.1264961076,"remaining_time":2.815273837},
{"learn":[0.2017326626],"iteration":43,"passed_time":0.1293716091,"remaining_time":2.810892234},
{"learn":[0.1978689911],"iteration":44,"passed_time":0.1324327328,"remaining_time":2.810516886},
{"learn":[0.1963650775],"iteration":45,"passed_time":0.135262986,"remaining_time":2.80523671},
{"learn":[0.192677381],"iteration":46,"passed_time":0.1382065704,"remaining_time":2.802358756},
{"learn":[0.1909417611],"iteration":47,"passed_time":0.1411987682,"remaining_time":2.800442236},
{"learn":[0.1895087184],"iteration":48,"passed_time":0.1444122807,"remaining_time":2.802777121},
{"learn":[0.1881086385],"iteration":49,"passed_time":0.1473738114,"remaining_time":2.800102417},
{"learn":[0.185146282],"iteration":50,"passed_time":0.1502466363,"remaining_time":2.79576584},
{"learn":[0.1840599249],"iteration":51,"passed_time":0.1530861476,"remaining_time":2.790878228},
{"learn":[0.1811878541],"iteration":52,"passed_time":0.1558751502,"remaining_time":2.78516542},
{"learn":[0.1781404304],"iteration":53,"passed_time":0.1587094026,"remaining_time":2.780353609},
{"learn":[0.1769057914],"iteration":54,"passed_time":0.1617069422,"remaining_time":2.77841928},
{"learn":[0.1747503584],"iteration":55,"passed_time":0.1645238079,"remaining_time":2.773401333},
{"learn":[0.1732542135],"iteration":56,"passed_time":0.1675322803,"remaining_time":2.771630532},
{"learn":[0.171184535],"iteration":57,"passed_time":0.1704564968,"remaining_time":2.768448621},
{"learn":[0.1699811244],"iteration":58,"passed_time":0.1740317438,"remaining_time":2.77565883},
{"learn":[0.1680225218],"iteration":59,"passed_time":0.1770919761,"remaining_time":2.774440959},
{"learn":[0.1668339287],"iteration":60,"passed_time":0.1803180417,"remaining_time":2.775715429},
{"learn":[0.1649311527],"iteration":61,"passed_time":0.1831429044,"remaining_time":2.770774908},
{"learn":[0.1642558946],"iteration":62,"passed_time":0.185997807,"remaining_time":2.766348336},
{"learn":[0.1634338991],"iteration":63,"passed_time":0.188928565,"remaining_time":2.763080263},
{"learn":[0.1613068415],"iteration":64,"passed_time":0.1917929662,"remaining_time":2.758868052},
{"learn":[0.1593947223],"iteration":65,"passed_time":0.1945970182,"remaining_time":2.753842652},
{"learn":[0.1584591879],"iteration":66,"passed_time":0.1972797121,"remaining_time":2.747193602},
{"learn":[0.1567586413],"iteration":67,"passed_time":0.2001920568,"remaining_time":2.743808779},
{"learn":[0.1559069185],"iteration":68,"passed_time":0.2031126713,"remaining_time":2.740549232},
{"learn":[0.1547321471],"iteration":69,"passed_time":0.2060319933,"remaining_time":2.737282197},
{"learn":[0.1534414835],"iteration":70,"passed_time":0.2088095838,"remaining_time":2.732170469},
{"learn":[0.1515778372],"iteration":71,"passed_time":0.2116777323,"remaining_time":2.728290772},
{"learn":[0.1507123015],"iteration":72,"passed_time":0.2144291817,"remaining_time":2.722956869},
{"learn":[0.1494763556],"iteration":73,"passed_time":0.2173354017,"remaining_time":2.719629486},
{"learn":[0.148674778],"iteration":74,"passed_time":0.2205354098,"remaining_time":2.719936721},
{"learn":[0.147283047],"iteration":75,"passed_time":0.2233616329,"remaining_time":2.715607221},
{"learn":[0.1463748376],"iteration":76,"passed_time":0.2262984243,"remaining_time":2.712642151},
{"learn":[0.1455891264],"iteration":77,"passed_time":0.2291757279,"remaining_time":2.708974629},
{"learn":[0.1447124066],"iteration":78,"passed_time":0.2321665458,"remaining_time":2.706650489},
{"learn":[0.143935076],"iteration":79,"passed_time":0.2353286766,"remaining_time":2.706279781},
{"learn":[0.1425999226],"iteration":80,"passed_time":0.2382439357,"remaining_time":2.703039221},
{"learn":[0.142015892],"iteration":81,"passed_time":0.2412226271,"remaining_time":2.700516728},
{"learn":[0.1413807973],"iteration":82,"passed_time":0.244117276,"remaining_time":2.697054724},
{"learn":[0.140811299],"iteration":83,"passed_time":0.2470683964,"remaining_time":2.694222037},
{"learn":[0.1398133915],"iteration":84,"passed_time":0.2499804793,"remaining_time":2.690966336},
{"learn":[0.139057956],"iteration":85,"passed_time":0.2531041036,"remaining_time":2.689966869},
{"learn":[0.1383096452],"iteration":86,"passed_time":0.2559368116,"remaining_time":2.68586562},
{"learn":[0.1371130722],"iteration":87,"passed_time":0.2588645664,"remaining_time":2.682778234},
{"learn":[0.1362210475],"iteration":88,"passed_time":0.2619051,"remaining_time":2.680848832},
{"learn":[0.1356006369],"iteration":89,"passed_time":0.2649456535,"remaining_time":2.678894941},
{"learn":[0.1350646673],"iteration":90,"passed_time":0.2678373566,"remaining_time":2.675430299},
{"learn":[0.1343546796],"iteration":91,"passed_time":0.2707503212,"remaining_time":2.672187953},
{"learn":[0.1335963739],"iteration":92,"passed_time":0.2738253621,"remaining_time":2.67053337},
{"learn":[0.1328679838],"iteration":93,"passed_time":0.2769883081,"remaining_time":2.669695821},
{"learn":[0.1320278848],"iteration":94,"passed_time":0.280189732,"remaining_time":2.669175868},
{"learn":[0.1314987383],"iteration":95,"passed_time":0.2831475542,"remaining_time":2.666306135},
{"learn":[0.1306558465],"iteration":96,"passed_time":0.286207487,"remaining_time":2.664385162},
{"learn":[0.1302859919],"iteration":97,"passed_time":0.2890880884,"remaining_time":2.660790365},
{"learn":[0.1297543223],"iteration":98,"passed_time":0.2922724927,"remaining_time":2.659974908},
{"learn":[0.1290054783],"iteration":99,"passed_time":0.2954733076,"remaining_time":2.659259769},
{"learn":[0.1283816737],"iteration":100,"passed_time":0.2983557226,"remaining_time":2.655661333},
{"learn":[0.1278240525],"iteration":101,"passed_time":0.3013873688,"remaining_time":2.653390757},
{"learn":[0.1273731182],"iteration":102,"passed_time":0.3044959668,"remaining_time":2.651775556},
{"learn":[0.1269943627],"iteration":103,"passed_time":0.3079241783,"remaining_time":2.652885229},
{"learn":[0.1262847112],"iteration":104,"passed_time":0.3109840933,"remaining_time":2.650769176},
{"learn":[0.1257929554],"iteration":105,"passed_time":0.314203382,"remaining_time":2.649979467},
{"learn":[0.1253706976],"iteration":106,"passed_time":0.3172282085,"remaining_time":2.647521404},
{"learn":[0.1245707411],"iteration":107,"passed_time":0.3205343668,"remaining_time":2.647376437},
{"learn":[0.1239429461],"iteration":108,"passed_time":0.3237468559,"remaining_time":2.646407786},
{"learn":[0.1235106521],"iteration":109,"passed_time":0.3269203489,"remaining_time":2.645082823},
{"learn":[0.1231362236],"iteration":110,"passed_time":0.3298746962,"remaining_time":2.641969414},
{"learn":[0.122841809],"iteration":111,"passed_time":0.3329164502,"remaining_time":2.639551855},
{"learn":[0.1220074417],"iteration":112,"passed_time":0.3359015856,"remaining_time":2.636678818},
{"learn":[0.1216643035],"iteration":113,"passed_time":0.3389017103,"remaining_time":2.63392031},
{"learn":[0.121087484],"iteration":114,"passed_time":0.3419240486,"remaining_time":2.631328548},
{"learn":[0.1205192986],"iteration":115,"passed_time":0.3451136628,"remaining_time":2.63000412},
{"learn":[0.1202789001],"iteration":116,"passed_time":0.3484176705,"remaining_time":2.629511137},
{"learn":[0.1199588108],"iteration":117,"passed_time":0.3514196388,"remaining_time":2.626712894},
{"learn":[0.1195795627],"iteration":118,"passed_time":0.3547344777,"remaining_time":2.626227519},
{"learn":[0.1192772828],"iteration":119,"passed_time":0.3579003644,"remaining_time":2.624602672},
{"learn":[0.1187017207],"iteration":120,"passed_time":0.3610740492,"remaining_time":2.623009002},
{"learn":[0.1183747602],"iteration":121,"passed_time":0.3643739302,"remaining_time":2.622297629},
{"learn":[0.1178752198],"iteration":122,"passed_time":0.3678262373,"remaining_time":2.622630977},
{"learn":[0.117462018],"iteration":123,"passed_time":0.3711142324,"remaining_time":2.621742481},
{"learn":[0.1172499943],"iteration":124,"passed_time":0.3747810796,"remaining_time":2.623467557},
{"learn":[0.1169516648],"iteration":125,"passed_time":0.3778146595,"remaining_time":2.620714384},
{"learn":[0.1166809392],"iteration":126,"passed_time":0.3809483034,"remaining_time":2.618644637},
{"learn":[0.1164274194],"iteration":127,"passed_time":0.3838749948,"remaining_time":2.615148402},
{"learn":[0.116105815],"iteration":128,"passed_time":0.3870560139,"remaining_time":2.613378202},
{"learn":[0.11566531],"iteration":129,"passed_time":0.3900417207,"remaining_time":2.610279208},
{"learn":[0.1152544074],"iteration":130,"passed_time":0.3930967322,"remaining_time":2.607641682},
{"learn":[0.1148580837],"iteration":131,"passed_time":0.3958252265,"remaining_time":2.602850732},
{"learn":[0.1146302372],"iteration":132,"passed_time":0.3985935491,"remaining_time":2.598350429},
{"learn":[0.1142162708],"iteration":133,"passed_time":0.4013969699,"remaining_time":2.594102806},
{"learn":[0.1137969171],"iteration":134,"passed_time":0.4042146185,"remaining_time":2.589967741},
{"learn":[0.1136000779],"iteration":135,"passed_time":0.4071169009,"remaining_time":2.586389723},
{"learn":[0.1130154114],"iteration":136,"passed_time":0.4099424749,"remaining_time":2.582338364},
{"learn":[0.112592905],"iteration":137,"passed_time":0.4127677398,"remaining_time":2.578302838},
{"learn":[0.1123421375],"iteration":138,"passed_time":0.4154977059,"remaining_time":2.573694423},
{"learn":[0.1120777034],"iteration":139,"passed_time":0.418338481,"remaining_time":2.569793526},
{"learn":[0.1117088498],"iteration":140,"passed_time":0.4212747797,"remaining_time":2.566489615},
{"learn":[0.1114180085],"iteration":141,"passed_time":0.4241335897,"remaining_time":2.562722676},
{"learn":[0.1111691534],"iteration":142,"passed_time":0.4269562781,"remaining_time":2.558751961},
{"learn":[0.1107682765],"iteration":143,"passed_time":0.4296711951,"remaining_time":2.554156549},
{"learn":[0.110457143],"iteration":144,"passed_time":0.4325785301,"remaining_time":2.550721678},
{"learn":[0.1101376705],"iteration":145,"passed_time":0.4354080906,"remaining_time":2.546839105},
{"learn":[0.10984271],"iteration":146,"passed_time":0.4383044742,"remaining_time":2.543358616},
{"learn":[0.1095631721],"iteration":147,"passed_time":0.4412419867,"remaining_time":2.540122788},
{"learn":[0.1092141679],"iteration":148,"passed_time":0.4440063613,"remaining_time":2.535902104},
{"learn":[0.1088513009],"iteration":149,"passed_time":0.4467967567,"remaining_time":2.531848288},
{"learn":[0.1085691366],"iteration":150,"passed_time":0.4495285864,"remaining_time":2.52748192},
{"learn":[0.1084118362],"iteration":151,"passed_time":0.4521951301,"remaining_time":2.522772831},
{"learn":[0.1082443766],"iteration":152,"passed_time":0.4549836719,"remaining_time":2.518765818},
{"learn":[0.1080115755],"iteration":153,"passed_time":0.4577261037,"remaining_time":2.514521323},
{"learn":[0.1077777172],"iteration":154,"passed_time":0.4606258439,"remaining_time":2.511153794},
{"learn":[0.1076086875],"iteration":155,"passed_time":0.4634447034,"remaining_time":2.507354678},
{"learn":[0.1074057443],"iteration":156,"passed_time":0.4662835548,"remaining_time":2.503675393},
{"learn":[0.1071111404],"iteration":157,"passed_time":0.469121191,"remaining_time":2.500000271},
{"learn":[0.1067798726],"iteration":158,"passed_time":0.4719715634,"remaining_time":2.496403049},
{"learn":[0.1064012106],"iteration":159,"passed_time":0.4748914315,"remaining_time":2.493180015},
{"learn":[0.1060983637],"iteration":160,"passed_time":0.4776340737,"remaining_time":2.489037192},
{"learn":[0.1057938624],"iteration":161,"passed_time":0.4804366629,"remaining_time":2.48522175},
{"learn":[0.1055202116],"iteration":162,"passed_time":0.4831591859,"remaining_time":2.481007599},
{"learn":[0.1052423474],"iteration":163,"passed_time":0.4859191833,"remaining_time":2.477002666},
{"learn":[0.1049160192],"iteration":164,"passed_time":0.4887343356,"remaining_time":2.473291941},
{"learn":[0.1046198199],"iteration":165,"passed_time":0.4918304691,"remaining_time":2.471003682},
{"learn":[0.1043839046],"iteration":166,"passed_time":0.494620833,"remaining_time":2.467180562},
{"learn":[0.1040773448],"iteration":167,"passed_time":0.4973540382,"remaining_time":2.463086665},
{"learn":[0.1036381862],"iteration":168,"passed_time":0.5002795272,"remaining_time":2.459954362},
{"learn":[0.1034525145],"iteration":169,"passed_time":0.5031844962,"remaining_time":2.456724305},
{"learn":[0.1031040652],"iteration":170,"passed_time":0.5062724008,"remaining_time":2.454384914},
{"learn":[0.1028109441],"iteration":171,"passed_time":0.5091509496,"remaining_time":2.45102899},
{"learn":[0.102582189],"iteration":172,"passed_time":0.5118958749,"remaining_time":2.447039818},
{"learn":[0.1024608594],"iteration":173,"passed_time":0.5148165646,"remaining_time":2.443899324},
{"learn":[0.1021817051],"iteration":174,"passed_time":0.5176603943,"remaining_time":2.440399001},
{"learn":[0.1019852748],"iteration":175,"passed_time":0.5208247107,"remaining_time":2.4384066},
{"learn":[0.1017567731],"iteration":176,"passed_time":0.5235592872,"remaining_time":2.434402787},
{"learn":[0.1014951419],"iteration":177,"passed_time":0.5263803224,"remaining_time":2.4308125},
{"learn":[0.1012793927],"iteration":178,"passed_time":0.5291793933,"remaining_time":2.427130067},
{"learn":[0.1009818732],"iteration":179,"passed_time":0.5319045615,"remaining_time":2.42312078},
{"learn":[0.1006811244],"iteration":180,"passed_time":0.5348783147,"remaining_time":2.420250496},
{"learn":[0.1005545644],"iteration":181,"passed_time":0.5376728195,"remaining_time":2.416573441},
{"learn":[0.1003492464],"iteration":182,"passed_time":0.5407267792,"remaining_time":2.414064364},
{"learn":[0.1001225216],"iteration":183,"passed_time":0.5434239126,"remaining_time":2.409966917},
{"learn":[0.09994026683],"iteration":184,"passed_time":0.5461302676,"remaining_time":2.405925233},
{"learn":[0.09954399974],"iteration":185,"passed_time":0.5491974997,"remaining_time":2.40347723},
{"learn":[0.09929132275],"iteration":186,"passed_time":0.5519099129,"remaining_time":2.399479996},
{"learn":[0.09907439125],"iteration":187,"passed_time":0.554935576,"remaining_time":2.396849403},
{"learn":[0.09890435174],"iteration":188,"passed_time":0.557867479,"remaining_time":2.393812304},
{"learn":[0.09872056832],"iteration":189,"passed_time":0.5608038693,"remaining_time":2.390795443},
{"learn":[0.09851377844],"iteration":190,"passed_time":0.5636575482,"remaining_time":2.387429091},
{"learn":[0.09818721686],"iteration":191,"passed_time":0.5666864777,"remaining_time":2.384805593},
{"learn":[0.09804168977],"iteration":192,"passed_time":0.5700049347,"remaining_time":2.383388509},
{"learn":[0.09780966322],"iteration":193,"passed_time":0.5740892654,"remaining_time":2.385133752},
{"learn":[0.09762862387],"iteration":194,"passed_time":0.5777359705,"remaining_time":2.385012596},
{"learn":[0.09730644943],"iteration":195,"passed_time":0.5816043629,"remaining_time":2.385764836},
{"learn":[0.09703697282],"iteration":196,"passed_time":0.5847113662,"remaining_time":2.383366635},
{"learn":[0.09681959343],"iteration":197,"passed_time":0.5888328573,"remaining_time":2.385070462},
{"learn":[0.09654906022],"iteration":198,"passed_time":0.5918797532,"remaining_time":2.382390363},
{"learn":[0.09640577104],"iteration":199,"passed_time":0.5956534689,"remaining_time":2.382613876},
{"learn":[0.09621050286],"iteration":200,"passed_time":0.5987793977,"remaining_time":2.380222581},
{"learn":[0.09601164225],"iteration":201,"passed_time":0.6018956791,"remaining_time":2.377785901},
{"learn":[0.09581402568],"iteration":202,"passed_time":0.6050782312,"remaining_time":2.375602711},
{"learn":[0.09573813673],"iteration":203,"passed_time":0.6092944688,"remaining_time":2.377443123},
{"learn":[0.09552083333],"iteration":204,"passed_time":0.6124781019,"remaining_time":2.375219956},
{"learn":[0.0953797936],"iteration":205,"passed_time":0.6154919419,"remaining_time":2.372333019},
{"learn":[0.09522345736],"iteration":206,"passed_time":0.6185561617,"remaining_time":2.369637856},
{"learn":[0.0950854534],"iteration":207,"passed_time":0.6219627729,"remaining_time":2.368242866},
{"learn":[0.09493861931],"iteration":208,"passed_time":0.6249708899,"remaining_time":2.365320449},
{"learn":[0.09479512748],"iteration":209,"passed_time":0.6281502443,"remaining_time":2.363041395},
{"learn":[0.09462149064],"iteration":210,"passed_time":0.631190651,"remaining_time":2.360234235},
{"learn":[0.094509733],"iteration":211,"passed_time":0.634388909,"remaining_time":2.358011605},
{"learn":[0.09435235523],"iteration":212,"passed_time":0.6374660239,"remaining_time":2.35533221},
{"learn":[0.09411256858],"iteration":213,"passed_time":0.6407953424,"remaining_time":2.353575416},
{"learn":[0.09385878828],"iteration":214,"passed_time":0.6445150015,"remaining_time":2.353229191},
{"learn":[0.09365736883],"iteration":215,"passed_time":0.651302577,"remaining_time":2.363987131},
{"learn":[0.09349747655],"iteration":216,"passed_time":0.654436753,"remaining_time":2.361400819},
{"learn":[0.09330422679],"iteration":217,"passed_time":0.6573450073,"remaining_time":2.357999063},
{"learn":[0.09311108807],"iteration":218,"passed_time":0.6602868196,"remaining_time":2.354721489},
{"learn":[0.09298228977],"iteration":219,"passed_time":0.6632590098,"remaining_time":2.351554671},
{"learn":[0.09277368751],"iteration":220,"passed_time":0.6664558419,"remaining_time":2.349181452},
{"learn":[0.09262226429],"iteration":221,"passed_time":0.6693602348,"remaining_time":2.345775958},
{"learn":[0.0923975701],"iteration":222,"passed_time":0.6722585321,"remaining_time":2.34235372},
{"learn":[0.0922222903],"iteration":223,"passed_time":0.6751445227,"remaining_time":2.338893525},
{"learn":[0.09207911337],"iteration":224,"passed_time":0.6779383849,"remaining_time":2.335121103},
{"learn":[0.09191304107],"iteration":225,"passed_time":0.6812476829,"remaining_time":2.333122595},
{"learn":[0.09174827741],"iteration":226,"passed_time":0.6840480979,"remaining_time":2.329379646},
{"learn":[0.09146082017],"iteration":227,"passed_time":0.6874179354,"remaining_time":2.327573009},
{"learn":[0.09128056905],"iteration":228,"passed_time":0.6904817544,"remaining_time":2.324722413},
{"learn":[0.09102283151],"iteration":229,"passed_time":0.6933989472,"remaining_time":2.321379084},
{"learn":[0.09080824007],"iteration":230,"passed_time":0.6962111338,"remaining_time":2.317689878},
{"learn":[0.09071717931],"iteration":231,"passed_time":0.6990854844,"remaining_time":2.314214017},
{"learn":[0.09050673969],"iteration":232,"passed_time":0.7019964451,"remaining_time":2.310863834},
{"learn":[0.0903887828],"iteration":233,"passed_time":0.7049264315,"remaining_time":2.307579686},
{"learn":[0.0902738418],"iteration":234,"passed_time":0.7081568957,"remaining_time":2.305276703},
{"learn":[0.09012668759],"iteration":235,"passed_time":0.7109425118,"remaining_time":2.301525758},
{"learn":[0.09001305996],"iteration":236,"passed_time":0.713826064,"remaining_time":2.298098257},
{"learn":[0.08984033111],"iteration":237,"passed_time":0.7166720542,"remaining_time":2.294555064},
{"learn":[0.08968531037],"iteration":238,"passed_time":0.7194313189,"remaining_time":2.290741563},
{"learn":[0.08943759794],"iteration":239,"passed_time":0.7224984129,"remaining_time":2.287911641},
{"learn":[0.08932253569],"iteration":240,"passed_time":0.7253462804,"remaining_time":2.284389323},
{"learn":[0.08920011655],"iteration":241,"passed_time":0.7283160158,"remaining_time":2.281254297},
{"learn":[0.08909253472],"iteration":242,"passed_time":0.7311469016,"remaining_time":2.277688084},
{"learn":[0.08892230229],"iteration":243,"passed_time":0.7340531531,"remaining_time":2.274361409},
{"learn":[0.08871419918],"iteration":244,"passed_time":0.7368989967,"remaining_time":2.27085201},
{"learn":[0.08855814999],"iteration":245,"passed_time":0.7395680052,"remaining_time":2.266806},
{"learn":[0.08847343723],"iteration":246,"passed_time":0.7423841058,"remaining_time":2.263219561},
{"learn":[0.08820319924],"iteration":247,"passed_time":0.745213888,"remaining_time":2.259680822},
{"learn":[0.08802726816],"iteration":248,"passed_time":0.7481771909,"remaining_time":2.256550483},
{"learn":[0.08793389581],"iteration":249,"passed_time":0.7511467573,"remaining_time":2.253440272},
{"learn":[0.08780894651],"iteration":250,"passed_time":0.7541017639,"remaining_time":2.250287734},
{"learn":[0.08766873251],"iteration":251,"passed_time":0.7568980094,"remaining_time":2.24666552},
{"learn":[0.08754434109],"iteration":252,"passed_time":0.7596576461,"remaining_time":2.242941746},
{"learn":[0.0874388272],"iteration":253,"passed_time":0.7623969819,"remaining_time":2.239165939},
{"learn":[0.087266653],"iteration":254,"passed_time":0.7654251413,"remaining_time":2.236242079},
{"learn":[0.08715695895],"iteration":255,"passed_time":0.7684538303,"remaining_time":2.233318944},
{"learn":[0.08697767311],"iteration":256,"passed_time":0.7713038421,"remaining_time":2.229878423},
{"learn":[0.086779863],"iteration":257,"passed_time":0.7740380592,"remaining_time":2.226109457},
{"learn":[0.08659351836],"iteration":258,"passed_time":0.7768299762,"remaining_time":2.222513561},
{"learn":[0.08643802043],"iteration":259,"passed_time":0.779628068,"remaining_time":2.218941424},
{"learn":[0.08631523198],"iteration":260,"passed_time":0.7824614759,"remaining_time":2.215475214},
{"learn":[0.08620429333],"iteration":261,"passed_time":0.7853231819,"remaining_time":2.212093543},
{"learn":[0.08608743309],"iteration":262,"passed_time":0.7883409697,"remaining_time":2.209153212},
{"learn":[0.08586998051],"iteration":263,"passed_time":0.7912776355,"remaining_time":2.205986135},
{"learn":[0.08575122865],"iteration":264,"passed_time":0.794492676,"remaining_time":2.203592894},
{"learn":[0.08555957375],"iteration":265,"passed_time":0.7974551068,"remaining_time":2.200496423},
{"learn":[0.08546950265],"iteration":266,"passed_time":0.8002381782,"remaining_time":2.196908557},
{"learn":[0.0852588884],"iteration":267,"passed_time":0.8029887857,"remaining_time":2.193238027},
{"learn":[0.08515157229],"iteration":268,"passed_time":0.8057268078,"remaining_time":2.189540136},
{"learn":[0.08502056773],"iteration":269,"passed_time":0.8088029608,"remaining_time":2.186763561},
{"learn":[0.08489011138],"iteration":270,"passed_time":0.8116107716,"remaining_time":2.183262924},
{"learn":[0.08475807855],"iteration":271,"passed_time":0.8144184994,"remaining_time":2.17976716},
{"learn":[0.08455777367],"iteration":272,"passed_time":0.8173172663,"remaining_time":2.176518874},
{"learn":[0.08447871439],"iteration":273,"passed_time":0.8203119117,"remaining_time":2.173527182},
{"learn":[0.08441703354],"iteration":274,"passed_time":0.8232566168,"remaining_time":2.170403808},
{"learn":[0.08434826038],"iteration":275,"passed_time":0.8264401508,"remaining_time":2.167908222},
{"learn":[0.08425235322],"iteration":276,"passed_time":0.8294266776,"remaining_time":2.164893458},
{"learn":[0.08415674869],"iteration":277,"passed_time":0.8322412401,"remaining_time":2.161432286},
{"learn":[0.08406387465],"iteration":278,"passed_time":0.835081895,"remaining_time":2.158043177},
{"learn":[0.08392911241],"iteration":279,"passed_time":0.8380229644,"remaining_time":2.154916194},
{"learn":[0.08381335697],"iteration":280,"passed_time":0.8409340454,"remaining_time":2.151713803},
{"learn":[0.08369258724],"iteration":281,"passed_time":0.8437689362,"remaining_time":2.14831949},
{"learn":[0.08352471215],"iteration":282,"passed_time":0.8466272041,"remaining_time":2.144988358},
{"learn":[0.08340049337],"iteration":283,"passed_time":0.8542967224,"remaining_time":2.153790328},
{"learn":[0.08329421617],"iteration":284,"passed_time":0.8571398893,"remaining_time":2.150368494},
{"learn":[0.08316149913],"iteration":285,"passed_time":0.8600417036,"remaining_time":2.14709712},
{"learn":[0.08301502176],"iteration":286,"passed_time":0.8629358601,"remaining_time":2.143809297},
{"learn":[0.08285994979],"iteration":287,"passed_time":0.865806794,"remaining_time":2.140466796},
{"learn":[0.0827061948],"iteration":288,"passed_time":0.8688327477,"remaining_time":2.13750894},
{"learn":[0.08259220074],"iteration":289,"passed_time":0.8717979857,"remaining_time":2.134401965},
{"learn":[0.08246437258],"iteration":290,"passed_time":0.8746924127,"remaining_time":2.131123439},
{"learn":[0.08235042111],"iteration":291,"passed_time":0.8774467778,"remaining_time":2.127507941},
{"learn":[0.08231411842],"iteration":292,"passed_time":0.8802823628,"remaining_time":2.124094302},
{"learn":[0.08213496118],"iteration":293,"passed_time":0.8832072907,"remaining_time":2.12089914},
{"learn":[0.08200037609],"iteration":294,"passed_time":0.8860660081,"remaining_time":2.117547579},
{"learn":[0.08184475363],"iteration":295,"passed_time":0.8889392702,"remaining_time":2.11423394},
{"learn":[0.0817396329],"iteration":296,"passed_time":0.8917492187,"remaining_time":2.110773403},
{"learn":[0.08157350423],"iteration":297,"passed_time":0.8947926894,"remaining_time":2.107867342},
{"learn":[0.08149178697],"iteration":298,"passed_time":0.8976390841,"remaining_time":2.104498321},
{"learn":[0.08137923562],"iteration":299,"passed_time":0.9006626932,"remaining_time":2.101546284},
{"learn":[0.08122777092],"iteration":300,"passed_time":0.9035246984,"remaining_time":2.098218486},
{"learn":[0.08108288102],"iteration":301,"passed_time":0.9063373973,"remaining_time":2.094779812},
{"learn":[0.08102649452],"iteration":302,"passed_time":0.9091862481,"remaining_time":2.091428432},
{"learn":[0.08092357867],"iteration":303,"passed_time":0.9121920539,"remaining_time":2.088439702},
{"learn":[0.0807941229],"iteration":304,"passed_time":0.9153781902,"remaining_time":2.085861778},
{"learn":[0.08067669295],"iteration":305,"passed_time":0.9182109797,"remaining_time":2.082478496},
{"learn":[0.08058175334],"iteration":306,"passed_time":0.9208847411,"remaining_time":2.078739823},
{"learn":[0.08045448257],"iteration":307,"passed_time":0.923902687,"remaining_time":2.075781362},
{"learn":[0.08032581133],"iteration":308,"passed_time":0.9267932966,"remaining_time":2.07253776},
{"learn":[0.080169206],"iteration":309,"passed_time":0.9297443455,"remaining_time":2.069430962},
{"learn":[0.08006973542],"iteration":310,"passed_time":0.9326173535,"remaining_time":2.066152272},
{"learn":[0.07995435056],"iteration":311,"passed_time":0.9356528257,"remaining_time":2.063234436},
{"learn":[0.07981445958],"iteration":312,"passed_time":0.9383808494,"remaining_time":2.059641034},
{"learn":[0.07974643015],"iteration":313,"passed_time":0.9413059491,"remaining_time":2.056483698},
{"learn":[0.07969154372],"iteration":314,"passed_time":0.9440311759,"remaining_time":2.052893192},
{"learn":[0.07956948981],"iteration":315,"passed_time":0.9468171176,"remaining_time":2.049439584},
{"learn":[0.0794453693],"iteration":316,"passed_time":0.949669791,"remaining_time":2.046133966},
{"learn":[0.07936046748],"iteration":317,"passed_time":0.952325422,"remaining_time":2.042408609},
{"learn":[0.07926519682],"iteration":318,"passed_time":0.9552028185,"remaining_time":2.039163384},
{"learn":[0.07918207463],"iteration":319,"passed_time":0.957997322,"remaining_time":2.035744309},
{"learn":[0.07910272095],"iteration":320,"passed_time":0.9607587408,"remaining_time":2.032259143},
{"learn":[0.07900478708],"iteration":321,"passed_time":0.9635336045,"remaining_time":2.028806782},
{"learn":[0.07892087029],"iteration":322,"passed_time":0.9662288442,"remaining_time":2.025191726},
{"learn":[0.07882125235],"iteration":323,"passed_time":0.9692785256,"remaining_time":2.022321862},
{"learn":[0.07872649553],"iteration":324,"passed_time":0.9722179418,"remaining_time":2.019221879},
{"learn":[0.07853220872],"iteration":325,"passed_time":0.9751027629,"remaining_time":2.016010007},
{"learn":[0.07840960204],"iteration":326,"passed_time":0.977780477,"remaining_time":2.012373887},
{"learn":[0.07831406852],"iteration":327,"passed_time":0.9804940038,"remaining_time":2.008816983},
{"learn":[0.07826029044],"iteration":328,"passed_time":0.9834509328,"remaining_time":2.005761629},
{"learn":[0.07816786633],"iteration":329,"passed_time":0.9863415652,"remaining_time":2.002572269},
{"learn":[0.07807969362],"iteration":330,"passed_time":0.9891250557,"remaining_time":1.999168164},
{"learn":[0.07799081077],"iteration":331,"passed_time":0.9919017357,"remaining_time":1.995754095},
{"learn":[0.07793249265],"iteration":332,"passed_time":0.9947418482,"remaining_time":1.992470909},
{"learn":[0.07783429507],"iteration":333,"passed_time":0.997548866,"remaining_time":1.989124385},
{"learn":[0.07771640252],"iteration":334,"passed_time":1.000232922,"remaining_time":1.985536995},
{"learn":[0.07754065973],"iteration":335,"passed_time":1.003168662,"remaining_time":1.982452355},
{"learn":[0.07737348109],"iteration":336,"passed_time":1.005992982,"remaining_time":1.979149397},
{"learn":[0.07729530869],"iteration":337,"passed_time":1.008756109,"remaining_time":1.97572942},
{"learn":[0.07720684501],"iteration":338,"passed_time":1.011432789,"remaining_time":1.972144759},
{"learn":[0.07712015189],"iteration":339,"passed_time":1.014115314,"remaining_time":1.968576785},
{"learn":[0.0769885518],"iteration":340,"passed_time":1.016833086,"remaining_time":1.965082122},
{"learn":[0.07681871001],"iteration":341,"passed_time":1.019493377,"remaining_time":1.96148141},
{"learn":[0.07672789356],"iteration":342,"passed_time":1.022178088,"remaining_time":1.957932956},
{"learn":[0.07661634832],"iteration":343,"passed_time":1.024687194,"remaining_time":1.95405465},
{"learn":[0.07649720295],"iteration":344,"passed_time":1.027414657,"remaining_time":1.950598842},
{"learn":[0.07640811832],"iteration":345,"passed_time":1.030352108,"remaining_time":1.947544158},
{"learn":[0.07627930825],"iteration":346,"passed_time":1.033398695,"remaining_time":1.944695527},
{"learn":[0.07618792756],"iteration":347,"passed_time":1.036396256,"remaining_time":1.941753905},
{"learn":[0.07606256071],"iteration":348,"passed_time":1.039221062,"remaining_time":1.938489717},
{"learn":[0.07597073111],"iteration":349,"passed_time":1.041984902,"remaining_time":1.935114818},
{"learn":[0.07590963126],"iteration":350,"passed_time":1.044781117,"remaining_time":1.931803263},
{"learn":[0.07580438012],"iteration":351,"passed_time":1.047593166,"remaining_time":1.928523784},
{"learn":[0.07566883324],"iteration":352,"passed_time":1.050435943,"remaining_time":1.925303272},
{"learn":[0.07561846878],"iteration":353,"passed_time":1.052937033,"remaining_time":1.921461366},
{"learn":[0.07555774418],"iteration":354,"passed_time":1.055710587,"remaining_time":1.918122053},
{"learn":[0.07548587381],"iteration":355,"passed_time":1.058353714,"remaining_time":1.914549977},
{"learn":[0.07534817431],"iteration":356,"passed_time":1.061053183,"remaining_time":1.911084585},
{"learn":[0.07522962297],"iteration":357,"passed_time":1.063757049,"remaining_time":1.907631355},
{"learn":[0.07518282],"iteration":358,"passed_time":1.066346211,"remaining_time":1.903977497},
{"learn":[0.07507349815],"iteration":359,"passed_time":1.06911261,"remaining_time":1.90064464},
{"learn":[0.07496114515],"iteration":360,"passed_time":1.071665894,"remaining_time":1.89693769},
{"learn":[0.07485442944],"iteration":361,"passed_time":1.074441851,"remaining_time":1.893629561},
{"learn":[0.07478285551],"iteration":362,"passed_time":1.077262835,"remaining_time":1.890403377},
{"learn":[0.07471645452],"iteration":363,"passed_time":1.07992999,"remaining_time":1.886910641},
{"learn":[0.07457829315],"iteration":364,"passed_time":1.082691519,"remaining_time":1.883586615},
{"learn":[0.07454835272],"iteration":365,"passed_time":1.085312794,"remaining_time":1.880022709},
{"learn":[0.07449370423],"iteration":366,"passed_time":1.087966073,"remaining_time":1.87651914},
{"learn":[0.07440565563],"iteration":367,"passed_time":1.090607186,"remaining_time":1.872999298},
{"learn":[0.07418162752],"iteration":368,"passed_time":1.093260474,"remaining_time":1.869505038},
{"learn":[0.07407062623],"iteration":369,"passed_time":1.095973057,"remaining_time":1.866116287},
{"learn":[0.0739699373],"iteration":370,"passed_time":1.098575948,"remaining_time":1.862545206},
{"learn":[0.07387933271],"iteration":371,"passed_time":1.101374859,"remaining_time":1.859310246},
{"learn":[0.0737828392],"iteration":372,"passed_time":1.103984572,"remaining_time":1.855759588},
{"learn":[0.0736835737],"iteration":373,"passed_time":1.106539758,"remaining_time":1.852122697},
{"learn":[0.07357827961],"iteration":374,"passed_time":1.109332147,"remaining_time":1.848886912},
{"learn":[0.07346554156],"iteration":375,"passed_time":1.111906812,"remaining_time":1.845292156},
{"learn":[0.07335489317],"iteration":376,"passed_time":1.114530403,"remaining_time":1.841783663},
{"learn":[0.07325551221],"iteration":377,"passed_time":1.11710206,"remaining_time":1.838194395},
{"learn":[0.07316750356],"iteration":378,"passed_time":1.11968485,"remaining_time":1.834628739},
{"learn":[0.07304229482],"iteration":379,"passed_time":1.122383908,"remaining_time":1.831257955},
{"learn":[0.07296611248],"iteration":380,"passed_time":1.124889227,"remaining_time":1.827575935},
{"learn":[0.07289325089],"iteration":381,"passed_time":1.127598986,"remaining_time":1.824230821},
{"learn":[0.07279187451],"iteration":382,"passed_time":1.130533232,"remaining_time":1.821250664},
{"learn":[0.07265552942],"iteration":383,"passed_time":1.133421198,"remaining_time":1.818196505},
{"learn":[0.07258726692],"iteration":384,"passed_time":1.136375333,"remaining_time":1.815248909},
{"learn":[0.07245555096],"iteration":385,"passed_time":1.138997519,"remaining_time":1.811773255},
{"learn":[0.07234908304],"iteration":386,"passed_time":1.141709092,"remaining_time":1.8084436},
{"learn":[0.07226571991],"iteration":387,"passed_time":1.144318292,"remaining_time":1.804955657},
{"learn":[0.07209083895],"iteration":388,"passed_time":1.146916472,"remaining_time":1.801454922},
{"learn":[0.07201001986],"iteration":389,"passed_time":1.149638464,"remaining_time":1.79815247},
{"learn":[0.07195224922],"iteration":390,"passed_time":1.15221896,"remaining_time":1.7946326},
{"learn":[0.07184900616],"iteration":391,"passed_time":1.154842782,"remaining_time":1.791184723},
{"learn":[0.07176479785],"iteration":392,"passed_time":1.157602015,"remaining_time":1.787950186},
{"learn":[0.07165896415],"iteration":393,"passed_time":1.160203903,"remaining_time":1.784476053},
{"learn":[0.07155959574],"iteration":394,"passed_time":1.162863272,"remaining_time":1.781094379},
{"learn":[0.07149685135],"iteration":395,"passed_time":1.165412859,"remaining_time":1.777548906},
{"learn":[0.07141476345],"iteration":396,"passed_time":1.168076928,"remaining_time":1.774182337},
{"learn":[0.07130708392],"iteration":397,"passed_time":1.170698474,"remaining_time":1.770754978},
{"learn":[0.07117460062],"iteration":398,"passed_time":1.173262466,"remaining_time":1.767244968},
{"learn":[0.07103121692],"iteration":399,"passed_time":1.175968999,"remaining_time":1.763953499},
{"learn":[0.07093505975],"iteration":400,"passed_time":1.178524146,"remaining_time":1.760438811},
{"learn":[0.07083775421],"iteration":401,"passed_time":1.181064253,"remaining_time":1.756906525},
{"learn":[0.0707772857],"iteration":402,"passed_time":1.183684074,"remaining_time":1.753497251},
{"learn":[0.07072390829],"iteration":403,"passed_time":1.18639297,"remaining_time":1.750223292},
{"learn":[0.07068063414],"iteration":404,"passed_time":1.189057732,"remaining_time":1.746887285},
{"learn":[0.07057729732],"iteration":405,"passed_time":1.191608448,"remaining_time":1.743387729},
{"learn":[0.07044687089],"iteration":406,"passed_time":1.194248821,"remaining_time":1.740023466},
{"learn":[0.07034089962],"iteration":407,"passed_time":1.197109804,"remaining_time":1.736982852},
{"learn":[0.07025516547],"iteration":408,"passed_time":1.199706513,"remaining_time":1.733561244},
{"learn":[0.07015425434],"iteration":409,"passed_time":1.202329179,"remaining_time":1.730181014},
{"learn":[0.07007232797],"iteration":410,"passed_time":1.20486117,"remaining_time":1.726674524},
{"learn":[0.06995398093],"iteration":411,"passed_time":1.207459341,"remaining_time":1.723267214},
{"learn":[0.06982136445],"iteration":412,"passed_time":1.210278492,"remaining_time":1.720177905},
{"learn":[0.0697124575],"iteration":413,"passed_time":1.212947982,"remaining_time":1.716878061},
{"learn":[0.06959271894],"iteration":414,"passed_time":1.215819386,"remaining_time":1.713865882},
{"learn":[0.06948876225],"iteration":415,"passed_time":1.218581366,"remaining_time":1.710700764},
{"learn":[0.06939795889],"iteration":416,"passed_time":1.221197281,"remaining_time":1.707333369},
{"learn":[0.06931425685],"iteration":417,"passed_time":1.224040109,"remaining_time":1.704285511},
{"learn":[0.06922100329],"iteration":418,"passed_time":1.226700452,"remaining_time":1.700985591},
{"learn":[0.06914903668],"iteration":419,"passed_time":1.229383778,"remaining_time":1.697720456},
{"learn":[0.06907127906],"iteration":420,"passed_time":1.232292635,"remaining_time":1.694768256},
{"learn":[0.06900847856],"iteration":421,"passed_time":1.235147331,"remaining_time":1.691742079},
{"learn":[0.06895540847],"iteration":422,"passed_time":1.237789979,"remaining_time":1.688427466},
{"learn":[0.06887188586],"iteration":423,"passed_time":1.240388649,"remaining_time":1.685056278},
{"learn":[0.06879021641],"iteration":424,"passed_time":1.243154412,"remaining_time":1.681914792},
{"learn":[0.06865706784],"iteration":425,"passed_time":1.245784589,"remaining_time":1.678592381},
{"learn":[0.06844039533],"iteration":426,"passed_time":1.248470903,"remaining_time":1.675348542},
{"learn":[0.06835286213],"iteration":427,"passed_time":1.251091415,"remaining_time":1.672019368},
{"learn":[0.06826443232],"iteration":428,"passed_time":1.253685438,"remaining_time":1.66865824},
{"learn":[0.06817887604],"iteration":429,"passed_time":1.256361602,"remaining_time":1.665409565},
{"learn":[0.06810848297],"iteration":430,"passed_time":1.259009217,"remaining_time":1.662125857},
{"learn":[0.06802642096],"iteration":431,"passed_time":1.261617739,"remaining_time":1.658793694},
{"learn":[0.06796324971],"iteration":432,"passed_time":1.264311746,"remaining_time":1.655576813},
{"learn":[0.06786884917],"iteration":433,"passed_time":1.266921267,"remaining_time":1.652252159},
{"learn":[0.06778909896],"iteration":434,"passed_time":1.269567953,"remaining_time":1.648979066},
{"learn":[0.06768128787],"iteration":435,"passed_time":1.27219491,"remaining_time":1.645683324},
{"learn":[0.06760321927],"iteration":436,"passed_time":1.274858077,"remaining_time":1.642437294},
{"learn":[0.06749898849],"iteration":437,"passed_time":1.277548776,"remaining_time":1.639229252},
{"learn":[0.06738292483],"iteration":438,"passed_time":1.280163148,"remaining_time":1.635926028},
{"learn":[0.06731831544],"iteration":439,"passed_time":1.28276658,"remaining_time":1.632612011},
{"learn":[0.06722015631],"iteration":440,"passed_time":1.285372925,"remaining_time":1.62930491},
{"learn":[0.06715690906],"iteration":441,"passed_time":1.288119847,"remaining_time":1.62617845},
{"learn":[0.06711337157],"iteration":442,"passed_time":1.290939208,"remaining_time":1.623144783},
{"learn":[0.0670133272],"iteration":443,"passed_time":1.293584219,"remaining_time":1.619893752},
{"learn":[0.06693608036],"iteration":444,"passed_time":1.296176209,"remaining_time":1.616579317},
{"learn":[0.06688868162],"iteration":445,"passed_time":1.298676231,"remaining_time":1.613153884},
{"learn":[0.06682272335],"iteration":446,"passed_time":1.301358953,"remaining_time":1.609958616},
{"learn":[0.06679369743],"iteration":447,"passed_time":1.304101595,"remaining_time":1.606839465},
{"learn":[0.06675276993],"iteration":448,"passed_time":1.306690147,"remaining_time":1.603532897},
{"learn":[0.06667039652],"iteration":449,"passed_time":1.309305611,"remaining_time":1.600262413},
{"learn":[0.06664264457],"iteration":450,"passed_time":1.311837971,"remaining_time":1.596893672},
{"learn":[0.06660891895],"iteration":451,"passed_time":1.314539363,"remaining_time":1.593733564},
{"learn":[0.06649598291],"iteration":452,"passed_time":1.317390146,"remaining_time":1.590755872},
{"learn":[0.06641591043],"iteration":453,"passed_time":1.31997934,"remaining_time":1.58746414},
{"learn":[0.06633776115],"iteration":454,"passed_time":1.322577561,"remaining_time":1.584186309},
{"learn":[0.06621653441],"iteration":455,"passed_time":1.325155632,"remaining_time":1.58088742},
{"learn":[0.06615583817],"iteration":456,"passed_time":1.327771926,"remaining_time":1.577637102},
{"learn":[0.06608279005],"iteration":457,"passed_time":1.33046937,"remaining_time":1.574485586},
{"learn":[0.06597988003],"iteration":458,"passed_time":1.333180846,"remaining_time":1.571352588},
{"learn":[0.06587670143],"iteration":459,"passed_time":1.336078708,"remaining_time":1.568440222},
{"learn":[0.06577267795],"iteration":460,"passed_time":1.338735421,"remaining_time":1.565245969},
{"learn":[0.06569772459],"iteration":461,"passed_time":1.341297341,"remaining_time":1.561943656},
{"learn":[0.06562664557],"iteration":462,"passed_time":1.344026907,"remaining_time":1.558838983},
{"learn":[0.06556801569],"iteration":463,"passed_time":1.346671218,"remaining_time":1.555637441},
{"learn":[0.0655124098],"iteration":464,"passed_time":1.34928535,"remaining_time":1.552403575},
{"learn":[0.06542920309],"iteration":465,"passed_time":1.35193249,"remaining_time":1.549210192},
{"learn":[0.06539336792],"iteration":466,"passed_time":1.354505616,"remaining_time":1.545934675},
{"learn":[0.06530650253],"iteration":467,"passed_time":1.357291112,"remaining_time":1.542903572},
{"learn":[0.06526592577],"iteration":468,"passed_time":1.359935344,"remaining_time":1.539713577},
{"learn":[0.06519509251],"iteration":469,"passed_time":1.362610845,"remaining_time":1.536561165},
{"learn":[0.06512222887],"iteration":470,"passed_time":1.365254543,"remaining_time":1.533375059},
{"learn":[0.06503634166],"iteration":471,"passed_time":1.367881591,"remaining_time":1.530172627},
{"learn":[0.06495877326],"iteration":472,"passed_time":1.370644783,"remaining_time":1.527124314},
{"learn":[0.06489208346],"iteration":473,"passed_time":1.373276719,"remaining_time":1.523931549},
{"learn":[0.06483241652],"iteration":474,"passed_time":1.375919807,"remaining_time":1.520753471},
{"learn":[0.06473661719],"iteration":475,"passed_time":1.378621668,"remaining_time":1.517642341},
{"learn":[0.06462718834],"iteration":476,"passed_time":1.381284857,"remaining_time":1.514490524},
{"learn":[0.06448626194],"iteration":477,"passed_time":1.383983862,"remaining_time":1.511379866},
{"learn":[0.06441622436],"iteration":478,"passed_time":1.386660786,"remaining_time":1.50824691},
{"learn":[0.06437700268],"iteration":479,"passed_time":1.389328734,"remaining_time":1.505106129},
{"learn":[0.06434706778],"iteration":480,"passed_time":1.39200723,"remaining_time":1.501978695},
{"learn":[0.06424744876],"iteration":481,"passed_time":1.394642082,"remaining_time":1.498806221},
{"learn":[0.06417495732],"iteration":482,"passed_time":1.397470673,"remaining_time":1.49584335},
{"learn":[0.06410441936],"iteration":483,"passed_time":1.400152547,"remaining_time":1.492724616},
{"learn":[0.06402079625],"iteration":484,"passed_time":1.402903797,"remaining_time":1.489681351},
{"learn":[0.06394024855],"iteration":485,"passed_time":1.405543457,"remaining_time":1.486521269},
{"learn":[0.06388472994],"iteration":486,"passed_time":1.408143651,"remaining_time":1.483321752},
{"learn":[0.06379866204],"iteration":487,"passed_time":1.410912879,"remaining_time":1.480302037},
{"learn":[0.06370900836],"iteration":488,"passed_time":1.41350823,"remaining_time":1.477101647},
{"learn":[0.06362960278],"iteration":489,"passed_time":1.416163343,"remaining_time":1.473965928},
{"learn":[0.06358566546],"iteration":490,"passed_time":1.418761243,"remaining_time":1.470772856},
{"learn":[0.06352832618],"iteration":491,"passed_time":1.421301338,"remaining_time":1.46752252},
{"learn":[0.06345453819],"iteration":492,"passed_time":1.423949406,"remaining_time":1.464386103},
{"learn":[0.06339731448],"iteration":493,"passed_time":1.426494512,"remaining_time":1.461146201},
{"learn":[0.06329505922],"iteration":494,"passed_time":1.429100318,"remaining_time":1.457971031},
{"learn":[0.06321220693],"iteration":495,"passed_time":1.431866377,"remaining_time":1.454960996},
{"learn":[0.06316941552],"iteration":496,"passed_time":1.434570825,"remaining_time":1.451889587},
{"learn":[0.06305022046],"iteration":497,"passed_time":1.437335099,"remaining_time":1.448879959},
{"learn":[0.06295547788],"iteration":498,"passed_time":1.44000529,"remaining_time":1.445776854},
{"learn":[0.0628888237],"iteration":499,"passed_time":1.442626705,"remaining_time":1.442626705},
{"learn":[0.06279954823],"iteration":500,"passed_time":1.445418422,"remaining_time":1.439648289},
{"learn":[0.0627254409],"iteration":501,"passed_time":1.448079295,"remaining_time":1.436540814},
{"learn":[0.06264693877],"iteration":502,"passed_time":1.450737804,"remaining_time":1.433432781},
{"learn":[0.06258452614],"iteration":503,"passed_time":1.453304904,"remaining_time":1.430236572},
{"learn":[0.06250110842],"iteration":504,"passed_time":1.455929955,"remaining_time":1.427099659},
{"learn":[0.0624718054],"iteration":505,"passed_time":1.458618603,"remaining_time":1.424026858},
{"learn":[0.06241521339],"iteration":506,"passed_time":1.46127657,"remaining_time":1.420925738},
{"learn":[0.06232031234],"iteration":507,"passed_time":1.464085712,"remaining_time":1.417972776},
{"learn":[0.06224947133],"iteration":508,"passed_time":1.46678562,"remaining_time":1.414915008},
{"learn":[0.0621852217],"iteration":509,"passed_time":1.469358851,"remaining_time":1.411736936},
{"learn":[0.0621594487],"iteration":510,"passed_time":1.472141892,"remaining_time":1.408762007},
{"learn":[0.06209342304],"iteration":511,"passed_time":1.474782716,"remaining_time":1.405652276},
{"learn":[0.06202370167],"iteration":512,"passed_time":1.4775572,"remaining_time":1.40267126},
{"learn":[0.061900276],"iteration":513,"passed_time":1.480202553,"remaining_time":1.399568951},
{"learn":[0.06182295167],"iteration":514,"passed_time":1.482812935,"remaining_time":1.396435483},
{"learn":[0.06173401727],"iteration":515,"passed_time":1.485612121,"remaining_time":1.393481137},
{"learn":[0.06169202304],"iteration":516,"passed_time":1.488220468,"remaining_time":1.390349103},
{"learn":[0.06161164703],"iteration":517,"passed_time":1.491123996,"remaining_time":1.387493756},
{"learn":[0.06153015725],"iteration":518,"passed_time":1.493659402,"remaining_time":1.384297057},
{"learn":[0.06146691578],"iteration":519,"passed_time":1.496243296,"remaining_time":1.381147658},
{"learn":[0.06139084331],"iteration":520,"passed_time":1.498886995,"remaining_time":1.378055414},
{"learn":[0.06131995106],"iteration":521,"passed_time":1.501497217,"remaining_time":1.374934233},
{"learn":[0.06122718875],"iteration":522,"passed_time":1.504345627,"remaining_time":1.372032245},
{"learn":[0.06117180686],"iteration":523,"passed_time":1.507003062,"remaining_time":1.36895698},
{"learn":[0.06111250503],"iteration":524,"passed_time":1.509587044,"remaining_time":1.36581685},
{"learn":[0.06105343807],"iteration":525,"passed_time":1.512231144,"remaining_time":1.362733008},
{"learn":[0.06098391217],"iteration":526,"passed_time":1.514794507,"remaining_time":1.359578371},
{"learn":[0.06092469324],"iteration":527,"passed_time":1.517425983,"remaining_time":1.356486864},
{"learn":[0.06084172087],"iteration":528,"passed_time":1.520455215,"remaining_time":1.35375124},
{"learn":[0.06078010117],"iteration":529,"passed_time":1.523078043,"remaining_time":1.350654114},
{"learn":[0.06072820155],"iteration":530,"passed_time":1.52575205,"remaining_time":1.347603976},
{"learn":[0.06062951939],"iteration":531,"passed_time":1.528403304,"remaining_time":1.344535237},
{"learn":[0.0605895816],"iteration":532,"passed_time":1.531136919,"remaining_time":1.341540227},
{"learn":[0.06056362695],"iteration":533,"passed_time":1.533953806,"remaining_time":1.338618864},
{"learn":[0.06054100782],"iteration":534,"passed_time":1.536886881,"remaining_time":1.335798878},
{"learn":[0.06047067621],"iteration":535,"passed_time":1.539647697,"remaining_time":1.33282935},
{"learn":[0.06043843828],"iteration":536,"passed_time":1.54218047,"remaining_time":1.329663981},
{"learn":[0.06038289684],"iteration":537,"passed_time":1.544837066,"remaining_time":1.326607294},
{"learn":[0.06030216395],"iteration":538,"passed_time":1.547512505,"remaining_time":1.323568209},
{"learn":[0.06023611491],"iteration":539,"passed_time":1.550157087,"remaining_time":1.320504186},
{"learn":[0.06015227081],"iteration":540,"passed_time":1.552994603,"remaining_time":1.317605403},
{"learn":[0.06007979552],"iteration":541,"passed_time":1.555644915,"remaining_time":1.314548655},
{"learn":[0.06003791218],"iteration":542,"passed_time":1.55836739,"remaining_time":1.311554139},
{"learn":[0.05999663922],"iteration":543,"passed_time":1.560957765,"remaining_time":1.308449891},
{"learn":[0.05993839979],"iteration":544,"passed_time":1.563658886,"remaining_time":1.305439987},
{"learn":[0.05988965824],"iteration":545,"passed_time":1.56626982,"remaining_time":1.302356224},
{"learn":[0.059849517],"iteration":546,"passed_time":1.568838402,"remaining_time":1.299239116},
{"learn":[0.05977444272],"iteration":547,"passed_time":1.571554234,"remaining_time":1.296245463},
{"learn":[0.05968689384],"iteration":548,"passed_time":1.574256676,"remaining_time":1.293241823},
{"learn":[0.05957080658],"iteration":549,"passed_time":1.576949142,"remaining_time":1.290231116},
{"learn":[0.05949152498],"iteration":550,"passed_time":1.579710309,"remaining_time":1.287277547},
{"learn":[0.05943708391],"iteration":551,"passed_time":1.582325662,"remaining_time":1.284206335},
{"learn":[0.0593823867],"iteration":552,"passed_time":1.58493219,"remaining_time":1.281129637},
{"learn":[0.05932321474],"iteration":553,"passed_time":1.587485752,"remaining_time":1.278011995},
{"learn":[0.05926003003],"iteration":554,"passed_time":1.590125455,"remaining_time":1.274965455},
{"learn":[0.05920126991],"iteration":555,"passed_time":1.592906983,"remaining_time":1.272033634},
{"learn":[0.05909720498],"iteration":556,"passed_time":1.595531543,"remaining_time":1.268977511},
{"learn":[0.05903389611],"iteration":557,"passed_time":1.598282714,"remaining_time":1.266023225},
{"learn":[0.05898265365],"iteration":558,"passed_time":1.60087362,"remaining_time":1.262943231},
{"learn":[0.05891888524],"iteration":559,"passed_time":1.60347164,"remaining_time":1.259870574},
{"learn":[0.05886991128],"iteration":560,"passed_time":1.606261895,"remaining_time":1.256950039},
{"learn":[0.05880312644],"iteration":561,"passed_time":1.608943469,"remaining_time":1.253945266},
{"learn":[0.05876327306],"iteration":562,"passed_time":1.611542832,"remaining_time":1.250877829},
{"learn":[0.05872396169],"iteration":563,"passed_time":1.614137575,"remaining_time":1.24780848},
{"learn":[0.0586779651],"iteration":564,"passed_time":1.616708411,"remaining_time":1.244722405},
{"learn":[0.05863068548],"iteration":565,"passed_time":1.6194338,"remaining_time":1.241756659},
{"learn":[0.058580386],"iteration":566,"passed_time":1.622080004,"remaining_time":1.23873129},
{"learn":[0.05852375201],"iteration":567,"passed_time":1.624750886,"remaining_time":1.235726026},
{"learn":[0.0584948872],"iteration":568,"passed_time":1.627289891,"remaining_time":1.232622044},
{"learn":[0.05842560555],"iteration":569,"passed_time":1.629864525,"remaining_time":1.229546922},
{"learn":[0.05837389677],"iteration":570,"passed_time":1.632642837,"remaining_time":1.22662658},
{"learn":[0.05830877564],"iteration":571,"passed_time":1.635368748,"remaining_time":1.223667524},
{"learn":[0.05826159526],"iteration":572,"passed_time":1.638186637,"remaining_time":1.220777825},
{"learn":[0.05823764437],"iteration":573,"passed_time":1.640840033,"remaining_time":1.217766297},
{"learn":[0.05817583539],"iteration":574,"passed_time":1.643461098,"remaining_time":1.214732116},
{"learn":[0.05811320267],"iteration":575,"passed_time":1.646248338,"remaining_time":1.211821693},
{"learn":[0.05809504159],"iteration":576,"passed_time":1.648870114,"remaining_time":1.208790395},
{"learn":[0.05806447355],"iteration":577,"passed_time":1.651459128,"remaining_time":1.205736595},
{"learn":[0.0579959796],"iteration":578,"passed_time":1.654034332,"remaining_time":1.202674359},
{"learn":[0.0578747743],"iteration":579,"passed_time":1.656726936,"remaining_time":1.199698816},
{"learn":[0.05785125766],"iteration":580,"passed_time":1.659551639,"remaining_time":1.196819512},
{"learn":[0.05775446536],"iteration":581,"passed_time":1.66214017,"remaining_time":1.193770775},
{"learn":[0.05771818038],"iteration":582,"passed_time":1.664757649,"remaining_time":1.190744322},
{"learn":[0.05766147106],"iteration":583,"passed_time":1.667423771,"remaining_time":1.187753919},
{"learn":[0.05758442288],"iteration":584,"passed_time":1.670013775,"remaining_time":1.184710627},
{"learn":[0.05755410491],"iteration":585,"passed_time":1.672885149,"remaining_time":1.181867665},
{"learn":[0.05752495183],"iteration":586,"passed_time":1.675462979,"remaining_time":1.178818076},
{"learn":[0.05748339311],"iteration":587,"passed_time":1.678175194,"remaining_time":1.175864251},
{"learn":[0.05743733081],"iteration":588,"passed_time":1.681038441,"remaining_time":1.173016637},
{"learn":[0.05739813771],"iteration":589,"passed_time":1.683712338,"remaining_time":1.170037387},
{"learn":[0.05736419439],"iteration":590,"passed_time":1.686517863,"remaining_time":1.167150264},
{"learn":[0.05727838299],"iteration":591,"passed_time":1.689106025,"remaining_time":1.164113612},
{"learn":[0.05717310001],"iteration":592,"passed_time":1.69186577,"remaining_time":1.161196237},
{"learn":[0.05707374914],"iteration":593,"passed_time":1.694648822,"remaining_time":1.158295322},
{"learn":[0.05700374701],"iteration":594,"passed_time":1.697258042,"remaining_time":1.155276482},
{"learn":[0.05697159414],"iteration":595,"passed_time":1.709128367,"remaining_time":1.158536678},
{"learn":[0.05691650059],"iteration":596,"passed_time":1.711901359,"remaining_time":1.155605105},
{"learn":[0.05689450264],"iteration":597,"passed_time":1.714438018,"remaining_time":1.15251519},
{"learn":[0.05685101291],"iteration":598,"passed_time":1.716965452,"remaining_time":1.149420945},
{"learn":[0.05680782232],"iteration":599,"passed_time":1.719668026,"remaining_time":1.146445351},
{"learn":[0.05673775531],"iteration":600,"passed_time":1.722346794,"remaining_time":1.14345486},
{"learn":[0.05669603819],"iteration":601,"passed_time":1.724946928,"remaining_time":1.140413417},
{"learn":[0.05666193977],"iteration":602,"passed_time":1.727682014,"remaining_time":1.137462288},
{"learn":[0.05660778781],"iteration":603,"passed_time":1.730344982,"remaining_time":1.134464591},
{"learn":[0.05656300597],"iteration":604,"passed_time":1.733216053,"remaining_time":1.131603869},
{"learn":[0.05649229945],"iteration":605,"passed_time":1.735903388,"remaining_time":1.128623655},
{"learn":[0.05643997165],"iteration":606,"passed_time":1.738749241,"remaining_time":1.125747038},
{"learn":[0.05637277233],"iteration":607,"passed_time":1.741338222,"remaining_time":1.122704906},
{"learn":[0.05629365695],"iteration":608,"passed_time":1.743954227,"remaining_time":1.119681614},
{"learn":[0.05625198656],"iteration":609,"passed_time":1.746817294,"remaining_time":1.116817614},
{"learn":[0.05621835999],"iteration":610,"passed_time":1.749365908,"remaining_time":1.113753418},
{"learn":[0.05618237908],"iteration":611,"passed_time":1.752088332,"remaining_time":1.110801099},
{"learn":[0.05613543724],"iteration":612,"passed_time":1.754739905,"remaining_time":1.107804802},
{"learn":[0.05608347015],"iteration":613,"passed_time":1.757391241,"remaining_time":1.104809477},
{"learn":[0.05605936122],"iteration":614,"passed_time":1.760067151,"remaining_time":1.101830656},
{"learn":[0.05600353313],"iteration":615,"passed_time":1.76276644,"remaining_time":1.098867391},
{"learn":[0.05593362453],"iteration":616,"passed_time":1.765498402,"remaining_time":1.095925264},
{"learn":[0.05590249297],"iteration":617,"passed_time":1.768110227,"remaining_time":1.092909558},
{"learn":[0.05581034302],"iteration":618,"passed_time":1.770743316,"remaining_time":1.089908244},
{"learn":[0.05577985253],"iteration":619,"passed_time":1.773423115,"remaining_time":1.086936748},
{"learn":[0.05574232332],"iteration":620,"passed_time":1.775964094,"remaining_time":1.083881468},
{"learn":[0.05568119121],"iteration":621,"passed_time":1.778595641,"remaining_time":1.080882881},
{"learn":[0.05563762927],"iteration":622,"passed_time":1.781243817,"remaining_time":1.077895536},
{"learn":[0.05558824317],"iteration":623,"passed_time":1.783798663,"remaining_time":1.07485304},
{"learn":[0.0554991121],"iteration":624,"passed_time":1.786611022,"remaining_time":1.071966613},
{"learn":[0.05545517088],"iteration":625,"passed_time":1.789266142,"remaining_time":1.068986481},
{"learn":[0.05539219786],"iteration":626,"passed_time":1.791982274,"remaining_time":1.066043682},
{"learn":[0.05534046902],"iteration":627,"passed_time":1.794646313,"remaining_time":1.063070746},
{"learn":[0.05531659905],"iteration":628,"passed_time":1.797162174,"remaining_time":1.060011394},
{"learn":[0.05527486366],"iteration":629,"passed_time":1.79982954,"remaining_time":1.057042746},
{"learn":[0.05524533166],"iteration":630,"passed_time":1.802384374,"remaining_time":1.054009246},
{"learn":[0.05520238207],"iteration":631,"passed_time":1.804950071,"remaining_time":1.050983586},
{"learn":[0.05514664018],"iteration":632,"passed_time":1.807602598,"remaining_time":1.048009721},
{"learn":[0.05510093584],"iteration":633,"passed_time":1.810270403,"remaining_time":1.04504569},
{"learn":[0.05504876968],"iteration":634,"passed_time":1.812935636,"remaining_time":1.042081113},
{"learn":[0.05500999125],"iteration":635,"passed_time":1.815523905,"remaining_time":1.03907343},
{"learn":[0.0549873514],"iteration":636,"passed_time":1.818020397,"remaining_time":1.036014763},
{"learn":[0.05496918648],"iteration":637,"passed_time":1.82085041,"remaining_time":1.033147098},
{"learn":[0.05492775342],"iteration":638,"passed_time":1.823526734,"remaining_time":1.030192725},
{"learn":[0.05486739448],"iteration":639,"passed_time":1.826504455,"remaining_time":1.027408756},
{"learn":[0.05483547744],"iteration":640,"passed_time":1.829563555,"remaining_time":1.02466976},
{"learn":[0.05476542263],"iteration":641,"passed_time":1.832388508,"remaining_time":1.021799199},
{"learn":[0.05471215707],"iteration":642,"passed_time":1.835044339,"remaining_time":1.018834882},
{"learn":[0.05465098561],"iteration":643,"passed_time":1.837689963,"remaining_time":1.01586588},
{"learn":[0.05461920764],"iteration":644,"passed_time":1.840338261,"remaining_time":1.012899353},
{"learn":[0.05458212475],"iteration":645,"passed_time":1.842973072,"remaining_time":1.00992642},
{"learn":[0.0545278189],"iteration":646,"passed_time":1.845558388,"remaining_time":1.006927529},
{"learn":[0.05448841568],"iteration":647,"passed_time":1.848097063,"remaining_time":1.003904577},
{"learn":[0.05442401101],"iteration":648,"passed_time":1.850717365,"remaining_time":1.000927265},
{"learn":[0.05439178732],"iteration":649,"passed_time":1.853426924,"remaining_time":0.9979991128},
{"learn":[0.0543701853],"iteration":650,"passed_time":1.855914857,"remaining_time":0.9949528191},
{"learn":[0.05431481656],"iteration":651,"passed_time":1.858479613,"remaining_time":0.9919492411},
{"learn":[0.05429102949],"iteration":652,"passed_time":1.861250149,"remaining_time":0.989056358},
{"learn":[0.05422644833],"iteration":653,"passed_time":1.863856566,"remaining_time":0.9860770209},
{"learn":[0.05419562793],"iteration":654,"passed_time":1.866502691,"remaining_time":0.9831197379},
{"learn":[0.05417156057],"iteration":655,"passed_time":1.869231054,"remaining_time":0.9802065282},
{"learn":[0.05414591763],"iteration":656,"passed_time":1.871852509,"remaining_time":0.9772380681},
{"learn":[0.05412147825],"iteration":657,"passed_time":1.874510166,"remaining_time":0.9742894783},
{"learn":[0.0540788927],"iteration":658,"passed_time":1.87713086,"remaining_time":0.9713226454},
{"learn":[0.05403803289],"iteration":659,"passed_time":1.879721035,"remaining_time":0.9683411391},
{"learn":[0.05398469351],"iteration":660,"passed_time":1.882451244,"remaining_time":0.965432635},
{"learn":[0.05393571991],"iteration":661,"passed_time":1.885050014,"remaining_time":0.9624575601},
{"learn":[0.05389461844],"iteration":662,"passed_time":1.88791734,"remaining_time":0.9596201259},
{"learn":[0.0538371085],"iteration":663,"passed_time":1.890536933,"remaining_time":0.9566572433},
{"learn":[0.05377518437],"iteration":664,"passed_time":1.893296617,"remaining_time":0.9537659651},
{"learn":[0.0537482901],"iteration":665,"passed_time":1.895887052,"remaining_time":0.9507902035},
{"learn":[0.05368618624],"iteration":666,"passed_time":1.898456517,"remaining_time":0.9478051275},
{"learn":[0.05365303885],"iteration":667,"passed_time":1.901148049,"remaining_time":0.9448819645},
{"learn":[0.05361798958],"iteration":668,"passed_time":1.903814212,"remaining_time":0.941946942},
{"learn":[0.05358311354],"iteration":669,"passed_time":1.906636922,"remaining_time":0.9390898272},
{"learn":[0.05351008658],"iteration":670,"passed_time":1.90923449,"remaining_time":0.9361224249},
{"learn":[0.05347112812],"iteration":671,"passed_time":1.911887858,"remaining_time":0.9331833591},
{"learn":[0.05340367188],"iteration":672,"passed_time":1.91465636,"remaining_time":0.9303010844},
{"learn":[0.05335770052],"iteration":673,"passed_time":1.917270572,"remaining_time":0.9273445199},
{"learn":[0.05329896701],"iteration":674,"passed_time":1.919975281,"remaining_time":0.9244325429},
{"learn":[0.05322294543],"iteration":675,"passed_time":1.922563743,"remaining_time":0.9214654625},
{"learn":[0.05312766654],"iteration":676,"passed_time":1.925185609,"remaining_time":0.9185154384},
{"learn":[0.05306503201],"iteration":677,"passed_time":1.927914153,"remaining_time":0.9156170459},
{"learn":[0.05305030022],"iteration":678,"passed_time":1.930514898,"remaining_time":0.9126587367},
{"learn":[0.05301391066],"iteration":679,"passed_time":1.933245497,"remaining_time":0.9097625867},
{"learn":[0.05298681991],"iteration":680,"passed_time":1.935969973,"remaining_time":0.9068640551},
{"learn":[0.05296607821],"iteration":681,"passed_time":1.938575077,"remaining_time":0.9039103733},
{"learn":[0.05291354209],"iteration":682,"passed_time":1.941447755,"remaining_time":0.9010819007},
{"learn":[0.05288073553],"iteration":683,"passed_time":1.943971219,"remaining_time":0.8980919667},
{"learn":[0.05286202487],"iteration":684,"passed_time":1.946558438,"remaining_time":0.8951327124},
{"learn":[0.05283199608],"iteration":685,"passed_time":1.949072914,"remaining_time":0.8921412461},
{"learn":[0.05277269419],"iteration":686,"passed_time":1.951616147,"remaining_time":0.8891642706},
{"learn":[0.05269162923],"iteration":687,"passed_time":1.954370473,"remaining_time":0.8862842843},
{"learn":[0.05266090447],"iteration":688,"passed_time":1.956903586,"remaining_time":0.8833048118},
{"learn":[0.05260708237],"iteration":689,"passed_time":1.959461687,"remaining_time":0.8803378594},
{"learn":[0.05257823276],"iteration":690,"passed_time":1.96215442,"remaining_time":0.8774322951},
{"learn":[0.05254091746],"iteration":691,"passed_time":1.964754434,"remaining_time":0.8744860777},
{"learn":[0.05249534911],"iteration":692,"passed_time":1.967387113,"remaining_time":0.8715553301},
{"learn":[0.05244291589],"iteration":693,"passed_time":1.970120767,"remaining_time":0.8686699634},
{"learn":[0.05242295024],"iteration":694,"passed_time":1.972717113,"remaining_time":0.8657247764},
{"learn":[0.05235309546],"iteration":695,"passed_time":1.97544586,"remaining_time":0.8628384216},
{"learn":[0.05230539336],"iteration":696,"passed_time":1.978021124,"remaining_time":0.8598857971},
{"learn":[0.05223599835],"iteration":697,"passed_time":1.98070884,"remaining_time":0.856982908},
{"learn":[0.05218252297],"iteration":698,"passed_time":1.983571266,"remaining_time":0.8541558672},
{"learn":[0.0521307382],"iteration":699,"passed_time":1.986218773,"remaining_time":0.851236617},
{"learn":[0.05207988284],"iteration":700,"passed_time":1.988860236,"remaining_time":0.8483155644},
{"learn":[0.05206590391],"iteration":701,"passed_time":1.991410904,"remaining_time":0.8453567655},
{"learn":[0.05203307441],"iteration":702,"passed_time":1.994030436,"remaining_time":0.8424282211},
{"learn":[0.05194038352],"iteration":703,"passed_time":1.996733932,"remaining_time":0.8395358576},
{"learn":[0.05189627813],"iteration":704,"passed_time":1.999319105,"remaining_time":0.8365945192},
{"learn":[0.05185060785],"iteration":705,"passed_time":2.002074342,"remaining_time":0.8337250093},
{"learn":[0.05181720293],"iteration":706,"passed_time":2.004650038,"remaining_time":0.8307814162},
{"learn":[0.05173811801],"iteration":707,"passed_time":2.007308448,"remaining_time":0.8278729756},
{"learn":[0.05165108369],"iteration":708,"passed_time":2.009903851,"remaining_time":0.8249393804},
{"learn":[0.05160444934],"iteration":709,"passed_time":2.012518494,"remaining_time":0.8220145959},
{"learn":[0.05155646456],"iteration":710,"passed_time":2.015238682,"remaining_time":0.8191335852},
{"learn":[0.0514693232],"iteration":711,"passed_time":2.017972186,"remaining_time":0.8162584124},
{"learn":[0.05145037688],"iteration":712,"passed_time":2.020635375,"remaining_time":0.8133553332},
{"learn":[0.05141465049],"iteration":713,"passed_time":2.023232311,"remaining_time":0.810426388},
{"learn":[0.05133768989],"iteration":714,"passed_time":2.025902262,"remaining_time":0.8075274749},
{"learn":[0.05129023108],"iteration":715,"passed_time":2.028694481,"remaining_time":0.804677699},
{"learn":[0.05124625369],"iteration":716,"passed_time":2.031419019,"remaining_time":0.8018013701},
{"learn":[0.05118240971],"iteration":717,"passed_time":2.034222982,"remaining_time":0.7989566587},
{"learn":[0.05114127605],"iteration":718,"passed_time":2.036951996,"remaining_time":0.7960827691},
{"learn":[0.05111457005],"iteration":719,"passed_time":2.039784215,"remaining_time":0.7932494169},
{"learn":[0.05107858025],"iteration":720,"passed_time":2.042537957,"remaining_time":0.7903857005},
{"learn":[0.05101873389],"iteration":721,"passed_time":2.045141087,"remaining_time":0.7874642967},
{"learn":[0.0509619651],"iteration":722,"passed_time":2.047868369,"remaining_time":0.7845913393},
{"learn":[0.0509180497],"iteration":723,"passed_time":2.050455107,"remaining_time":0.7816652067},
{"learn":[0.05085881131],"iteration":724,"passed_time":2.05304352,"remaining_time":0.7787406455},
{"learn":[0.05075570852],"iteration":725,"passed_time":2.055799527,"remaining_time":0.7758802622},
{"learn":[0.05069070536],"iteration":726,"passed_time":2.05840443,"remaining_time":0.7729634243},
{"learn":[0.05065630329],"iteration":727,"passed_time":2.061192652,"remaining_time":0.7701159357},
{"learn":[0.05057559346],"iteration":728,"passed_time":2.06377946,"remaining_time":0.767193736},
{"learn":[0.05053939589],"iteration":729,"passed_time":2.066306872,"remaining_time":0.7642504868},
{"learn":[0.05052334129],"iteration":730,"passed_time":2.069014948,"remaining_time":0.7613748577},
{"learn":[0.05049574955],"iteration":731,"passed_time":2.07175804,"remaining_time":0.7585125063},
{"learn":[0.05046817613],"iteration":732,"passed_time":2.074582092,"remaining_time":0.7556799708},
{"learn":[0.05042355293],"iteration":733,"passed_time":2.0772257,"remaining_time":0.7527820656},
{"learn":[0.05036657774],"iteration":734,"passed_time":2.079833459,"remaining_time":0.7498719273},
{"learn":[0.05030051753],"iteration":735,"passed_time":2.082709471,"remaining_time":0.747058832},
{"learn":[0.05025483649],"iteration":736,"passed_time":2.085434931,"remaining_time":0.7441918411},
{"learn":[0.05022794409],"iteration":737,"passed_time":2.088171662,"remaining_time":0.741329235},
{"learn":[0.05015287221],"iteration":738,"passed_time":2.09096902,"remaining_time":0.7384883817},
{"learn":[0.05013575798],"iteration":739,"passed_time":2.093725669,"remaining_time":0.7356333432},
{"learn":[0.05009493314],"iteration":740,"passed_time":2.09640101,"remaining_time":0.7327501506},
{"learn":[0.05003869741],"iteration":741,"passed_time":2.099050081,"remaining_time":0.7298583839},
{"learn":[0.04999948797],"iteration":742,"passed_time":2.102100273,"remaining_time":0.7271060164},
{"learn":[0.04995540613],"iteration":743,"passed_time":2.104653795,"remaining_time":0.7241819509},
{"learn":[0.04987821527],"iteration":744,"passed_time":2.107354356,"remaining_time":0.7213092092},
{"learn":[0.04982706407],"iteration":745,"passed_time":2.110327417,"remaining_time":0.7185297103},
{"learn":[0.04978895632],"iteration":746,"passed_time":2.113206968,"remaining_time":0.7157180225},
{"learn":[0.04975728089],"iteration":747,"passed_time":2.116880576,"remaining_time":0.7131736702},
{"learn":[0.04974206054],"iteration":748,"passed_time":2.119506291,"remaining_time":0.7102751387},
{"learn":[0.0496895747],"iteration":749,"passed_time":2.122435876,"remaining_time":0.7074786254},
{"learn":[0.04965129935],"iteration":750,"passed_time":2.125023486,"remaining_time":0.7045683728},
{"learn":[0.0496017513],"iteration":751,"passed_time":2.127732053,"remaining_time":0.7016988685},
{"learn":[0.04953702267],"iteration":752,"passed_time":2.130693051,"remaining_time":0.6989125945},
{"learn":[0.04948670127],"iteration":753,"passed_time":2.133599603,"remaining_time":0.6961080934},
{"learn":[0.04946622953],"iteration":754,"passed_time":2.136210557,"remaining_time":0.6932073993},
{"learn":[0.04940657353],"iteration":755,"passed_time":2.13896377,"remaining_time":0.6903533861},
{"learn":[0.0493836875],"iteration":756,"passed_time":2.141613091,"remaining_time":0.6874662896},
{"learn":[0.04933519128],"iteration":757,"passed_time":2.144172987,"remaining_time":0.6845512703},
{"learn":[0.04928614619],"iteration":758,"passed_time":2.146738713,"remaining_time":0.6816390379},
{"learn":[0.04924653969],"iteration":759,"passed_time":2.149455092,"remaining_time":0.6787752923},
{"learn":[0.0492062887],"iteration":760,"passed_time":2.152014418,"remaining_time":0.6758626096},
{"learn":[0.04916218277],"iteration":761,"passed_time":2.154764795,"remaining_time":0.6730105266},
{"learn":[0.04908327733],"iteration":762,"passed_time":2.157429935,"remaining_time":0.6701322341},
{"learn":[0.04904975402],"iteration":763,"passed_time":2.159977807,"remaining_time":0.6672182755},
{"learn":[0.0489892115],"iteration":764,"passed_time":2.162724668,"remaining_time":0.6643664011},
{"learn":[0.04896629953],"iteration":765,"passed_time":2.165376773,"remaining_time":0.661485855},
{"learn":[0.04890065831],"iteration":766,"passed_time":2.168000775,"remaining_time":0.6585973672},
{"learn":[0.0488672403],"iteration":767,"passed_time":2.170615887,"remaining_time":0.6557068826},
{"learn":[0.04883000736],"iteration":768,"passed_time":2.173249376,"remaining_time":0.6528226345},
{"learn":[0.04878870526],"iteration":769,"passed_time":2.175970959,"remaining_time":0.6499653513},
{"learn":[0.04873016824],"iteration":770,"passed_time":2.178562485,"remaining_time":0.6470697912},
{"learn":[0.04868963961],"iteration":771,"passed_time":2.181128973,"remaining_time":0.6441676242},
{"learn":[0.04867561862],"iteration":772,"passed_time":2.183692165,"remaining_time":0.6412653577},
{"learn":[0.0486149344],"iteration":773,"passed_time":2.186388717,"remaining_time":0.6384029072},
{"learn":[0.04858937934],"iteration":774,"passed_time":2.189291934,"remaining_time":0.6356008842},
{"learn":[0.04849389693],"iteration":775,"passed_time":2.191912196,"remaining_time":0.6327169227},
{"learn":[0.04845685477],"iteration":776,"passed_time":2.194571097,"remaining_time":0.6298447291},
{"learn":[0.04840976311],"iteration":777,"passed_time":2.197216468,"remaining_time":0.6269692234},
{"learn":[0.04839408917],"iteration":778,"passed_time":2.199844938,"remaining_time":0.624089514},
{"learn":[0.04837392848],"iteration":779,"passed_time":2.202578882,"remaining_time":0.6212401975},
{"learn":[0.04832736603],"iteration":780,"passed_time":2.205182503,"remaining_time":0.6183546328},
{"learn":[0.04830345269],"iteration":781,"passed_time":2.207872213,"remaining_time":0.6154937884},
{"learn":[0.0482463913],"iteration":782,"passed_time":2.210481574,"remaining_time":0.6126111131},
{"learn":[0.04820557829],"iteration":783,"passed_time":2.213078844,"remaining_time":0.609725804},
{"learn":[0.04814060703],"iteration":784,"passed_time":2.215934146,"remaining_time":0.6069118999},
{"learn":[0.04809565645],"iteration":785,"passed_time":2.218539259,"remaining_time":0.6040297727},
{"learn":[0.04805732662],"iteration":786,"passed_time":2.221180905,"remaining_time":0.6011582373},
{"learn":[0.04802164103],"iteration":787,"passed_time":2.223731732,"remaining_time":0.5982628516},
{"learn":[0.04796276221],"iteration":788,"passed_time":2.226309151,"remaining_time":0.5953754511},
{"learn":[0.04792469351],"iteration":789,"passed_time":2.229053587,"remaining_time":0.592533232},
{"learn":[0.04789865056],"iteration":790,"passed_time":2.231751522,"remaining_time":0.5896789736},
{"learn":[0.04786616562],"iteration":791,"passed_time":2.234634137,"remaining_time":0.5868736118},
{"learn":[0.0478155336],"iteration":792,"passed_time":2.237322854,"remaining_time":0.5840174412},
{"learn":[0.04777434281],"iteration":793,"passed_time":2.239939461,"remaining_time":0.5811429835},
{"learn":[0.04775720383],"iteration":794,"passed_time":2.242667094,"remaining_time":0.578297804},
{"learn":[0.04770787455],"iteration":795,"passed_time":2.245421168,"remaining_time":0.5754596963},
{"learn":[0.04767898788],"iteration":796,"passed_time":2.248155935,"remaining_time":0.5726168818},
{"learn":[0.04764210094],"iteration":797,"passed_time":2.250844632,"remaining_time":0.5697626762},
{"learn":[0.0476059856],"iteration":798,"passed_time":2.253404387,"remaining_time":0.5668764478},
{"learn":[0.04754237577],"iteration":799,"passed_time":2.256159465,"remaining_time":0.5640398663},
{"learn":[0.04751850893],"iteration":800,"passed_time":2.258707317,"remaining_time":0.5611520051},
{"learn":[0.04750546144],"iteration":801,"passed_time":2.261319384,"remaining_time":0.5582808455},
{"learn":[0.04746536177],"iteration":802,"passed_time":2.263831626,"remaining_time":0.5553858409},
{"learn":[0.04744965275],"iteration":803,"passed_time":2.26637982,"remaining_time":0.5525005531},
{"learn":[0.04740971851],"iteration":804,"passed_time":2.269083787,"remaining_time":0.5496538365},
{"learn":[0.0473353232],"iteration":805,"passed_time":2.27170979,"remaining_time":0.5467887087},
{"learn":[0.0472751244],"iteration":806,"passed_time":2.274400692,"remaining_time":0.5439396947},
{"learn":[0.04717650862],"iteration":807,"passed_time":2.277060291,"remaining_time":0.5410836335},
{"learn":[0.0471078073],"iteration":808,"passed_time":2.279699722,"remaining_time":0.5382232965},
{"learn":[0.04704966272],"iteration":809,"passed_time":2.282380625,"remaining_time":0.535373233},
{"learn":[0.04702639532],"iteration":810,"passed_time":2.284999506,"remaining_time":0.5325091327},
{"learn":[0.04697771984],"iteration":811,"passed_time":2.287756095,"remaining_time":0.5296775196},
{"learn":[0.04695502935],"iteration":812,"passed_time":2.290433509,"remaining_time":0.5268278796},
{"learn":[0.04692894711],"iteration":813,"passed_time":2.293124039,"remaining_time":0.5239816601},
{"learn":[0.04688492756],"iteration":814,"passed_time":2.295869218,"remaining_time":0.5211482274},
{"learn":[0.04683879858],"iteration":815,"passed_time":2.298639724,"remaining_time":0.5183207222},
{"learn":[0.04681646917],"iteration":816,"passed_time":2.302052393,"remaining_time":0.5156371945},
{"learn":[0.04677926728],"iteration":817,"passed_time":2.304829233,"remaining_time":0.5128104162},
{"learn":[0.04674948328],"iteration":818,"passed_time":2.307431249,"remaining_time":0.5099451235},
{"learn":[0.04672989667],"iteration":819,"passed_time":2.310453237,"remaining_time":0.5071726617},
{"learn":[0.04671438397],"iteration":820,"passed_time":2.313168055,"remaining_time":0.5043326209},
{"learn":[0.04667871045],"iteration":821,"passed_time":2.316269569,"remaining_time":0.5015766219},
{"learn":[0.04666502027],"iteration":822,"passed_time":2.318967492,"remaining_time":0.4987329844},
{"learn":[0.04664287558],"iteration":823,"passed_time":2.321695327,"remaining_time":0.4958960892},
{"learn":[0.04661135855],"iteration":824,"passed_time":2.324484378,"remaining_time":0.4930724439},
{"learn":[0.04657307528],"iteration":825,"passed_time":2.327195029,"remaining_time":0.490232367},
{"learn":[0.04654500658],"iteration":826,"passed_time":2.33003396,"remaining_time":0.4874194377},
{"learn":[0.04651315851],"iteration":827,"passed_time":2.332694751,"remaining_time":0.484569441},
{"learn":[0.04649658232],"iteration":828,"passed_time":2.335339223,"remaining_time":0.4817165345},
{"learn":[0.04647545575],"iteration":829,"passed_time":2.338006817,"remaining_time":0.4788688661},
{"learn":[0.04644285428],"iteration":830,"passed_time":2.340639254,"remaining_time":0.4760144813},
{"learn":[0.04642626127],"iteration":831,"passed_time":2.343443537,"remaining_time":0.4731953295},
{"learn":[0.04640768577],"iteration":832,"passed_time":2.346152475,"remaining_time":0.4703570987},
{"learn":[0.04637093657],"iteration":833,"passed_time":2.348867914,"remaining_time":0.467520472},
{"learn":[0.04633553012],"iteration":834,"passed_time":2.351498255,"remaining_time":0.4646673199},
{"learn":[0.04629567067],"iteration":835,"passed_time":2.35408838,"remaining_time":0.4618068114},
{"learn":[0.046274664],"iteration":836,"passed_time":2.356913895,"remaining_time":0.4589927896},
{"learn":[0.04625653356],"iteration":837,"passed_time":2.359612981,"remaining_time":0.4561542994},
{"learn":[0.04620087552],"iteration":838,"passed_time":2.362197957,"remaining_time":0.4532942444},
{"learn":[0.04615847276],"iteration":839,"passed_time":2.364812979,"remaining_time":0.4504405674},
{"learn":[0.04614040443],"iteration":840,"passed_time":2.367335171,"remaining_time":0.4475699074},
{"learn":[0.04610800821],"iteration":841,"passed_time":2.370210052,"remaining_time":0.4447662569},
{"learn":[0.04607085786],"iteration":842,"passed_time":2.372801809,"remaining_time":0.4419097082},
{"learn":[0.04602801202],"iteration":843,"passed_time":2.375531758,"remaining_time":0.4390793296},
{"learn":[0.04598374468],"iteration":844,"passed_time":2.378141048,"remaining_time":0.4362270562},
{"learn":[0.04596251479],"iteration":845,"passed_time":2.380715903,"remaining_time":0.4333690887},
{"learn":[0.04592759713],"iteration":846,"passed_time":2.383497842,"remaining_time":0.4305491969},
{"learn":[0.04587785475],"iteration":847,"passed_time":2.386116111,"remaining_time":0.4277000577},
{"learn":[0.0458449462],"iteration":848,"passed_time":2.389124253,"remaining_time":0.4249208036},
{"learn":[0.04582621097],"iteration":849,"passed_time":2.39181804,"remaining_time":0.4220855365},
{"learn":[0.04578345955],"iteration":850,"passed_time":2.39446757,"remaining_time":0.4192428531},
{"learn":[0.04573399614],"iteration":851,"passed_time":2.39716833,"remaining_time":0.416409522},
{"learn":[0.04568361317],"iteration":852,"passed_time":2.39979759,"remaining_time":0.4135641803},
{"learn":[0.04565141218],"iteration":853,"passed_time":2.402692762,"remaining_time":0.4107648047},
{"learn":[0.04561540317],"iteration":854,"passed_time":2.405355156,"remaining_time":0.4079257282},
{"learn":[0.045542925],"iteration":855,"passed_time":2.408045747,"remaining_time":0.4050918078},
{"learn":[0.0455302753],"iteration":856,"passed_time":2.410723542,"remaining_time":0.402256087},
{"learn":[0.04551557192],"iteration":857,"passed_time":2.413345029,"remaining_time":0.3994114151},
{"learn":[0.04548583826],"iteration":858,"passed_time":2.416264877,"remaining_time":0.3966162372},
{"learn":[0.04545168451],"iteration":859,"passed_time":2.419067135,"remaining_time":0.3938016266},
{"learn":[0.0453970699],"iteration":860,"passed_time":2.421717717,"remaining_time":0.3909625583},
{"learn":[0.04533607781],"iteration":861,"passed_time":2.424506598,"remaining_time":0.3881460679},
{"learn":[0.04531644171],"iteration":862,"passed_time":2.427200617,"remaining_time":0.3853145823},
{"learn":[0.04528716692],"iteration":863,"passed_time":2.43012892,"remaining_time":0.382520293},
{"learn":[0.04527695601],"iteration":864,"passed_time":2.432857336,"remaining_time":0.3796944975},
{"learn":[0.04523728464],"iteration":865,"passed_time":2.435736765,"remaining_time":0.3768922939},
{"learn":[0.0452027805],"iteration":866,"passed_time":2.438364652,"remaining_time":0.3740513249},
{"learn":[0.04515291257],"iteration":867,"passed_time":2.440967792,"remaining_time":0.3712070836},
{"learn":[0.04514118711],"iteration":868,"passed_time":2.443557337,"remaining_time":0.3683613477},
{"learn":[0.04508355866],"iteration":869,"passed_time":2.446209122,"remaining_time":0.3655255009},
{"learn":[0.04505410901],"iteration":870,"passed_time":2.448896616,"remaining_time":0.3626953657},
{"learn":[0.0450038299],"iteration":871,"passed_time":2.451628145,"remaining_time":0.3598720213},
{"learn":[0.04498887819],"iteration":872,"passed_time":2.454207248,"remaining_time":0.3570267131},
{"learn":[0.04497551437],"iteration":873,"passed_time":2.456850688,"remaining_time":0.3541912892},
{"learn":[0.0449449661],"iteration":874,"passed_time":2.459442926,"remaining_time":0.3513489894},
{"learn":[0.04491918446],"iteration":875,"passed_time":2.462309281,"remaining_time":0.3485460626},
{"learn":[0.04489020846],"iteration":876,"passed_time":2.464909834,"remaining_time":0.3457057122},
{"learn":[0.04486290644],"iteration":877,"passed_time":2.467516682,"remaining_time":0.3428667826},
{"learn":[0.04483665799],"iteration":878,"passed_time":2.470366633,"remaining_time":0.340061846},
{"learn":[0.0448173125],"iteration":879,"passed_time":2.472909616,"remaining_time":0.3372149476},
{"learn":[0.04476401433],"iteration":880,"passed_time":2.475864303,"remaining_time":0.3344243497},
{"learn":[0.04471672822],"iteration":881,"passed_time":2.478636834,"remaining_time":0.3316090095},
{"learn":[0.04466145944],"iteration":882,"passed_time":2.481317654,"remaining_time":0.3287816144},
{"learn":[0.04464453983],"iteration":883,"passed_time":2.484173497,"remaining_time":0.3259775177},
{"learn":[0.04458927784],"iteration":884,"passed_time":2.486811956,"remaining_time":0.3231450564},
{"learn":[0.04455987138],"iteration":885,"passed_time":2.489692178,"remaining_time":0.3203441403},
{"learn":[0.04453500112],"iteration":886,"passed_time":2.492421473,"remaining_time":0.3175238178},
{"learn":[0.04448979121],"iteration":887,"passed_time":2.495440534,"remaining_time":0.3147402476},
{"learn":[0.04447440466],"iteration":888,"passed_time":2.498345294,"remaining_time":0.3119418759},
{"learn":[0.04445318432],"iteration":889,"passed_time":2.500953294,"remaining_time":0.3091065869},
{"learn":[0.0443892008],"iteration":890,"passed_time":2.503851067,"remaining_time":0.3063072574},
{"learn":[0.04437684562],"iteration":891,"passed_time":2.506647756,"remaining_time":0.3034954683},
{"learn":[0.04435627387],"iteration":892,"passed_time":2.509517807,"remaining_time":0.3006925032},
{"learn":[0.04431940915],"iteration":893,"passed_time":2.512256592,"remaining_time":0.2978738241},
{"learn":[0.04431305811],"iteration":894,"passed_time":2.514805064,"remaining_time":0.2950329963},
{"learn":[0.04426321553],"iteration":895,"passed_time":2.517666939,"remaining_time":0.2922291982},
{"learn":[0.04424482156],"iteration":896,"passed_time":2.520451533,"remaining_time":0.2894163967},
{"learn":[0.04421214734],"iteration":897,"passed_time":2.52311462,"remaining_time":0.2865898566},
{"learn":[0.04418856805],"iteration":898,"passed_time":2.525936617,"remaining_time":0.2837815331},
{"learn":[0.0441723169],"iteration":899,"passed_time":2.528728826,"remaining_time":0.2809698695},
{"learn":[0.04415571596],"iteration":900,"passed_time":2.531694655,"remaining_time":0.2781773261},
{"learn":[0.04411815624],"iteration":901,"passed_time":2.534313574,"remaining_time":0.2753467076},
{"learn":[0.04409746032],"iteration":902,"passed_time":2.5370007,"remaining_time":0.2725238847},
{"learn":[0.04405474284],"iteration":903,"passed_time":2.539632264,"remaining_time":0.2696954616},
{"learn":[0.04402267521],"iteration":904,"passed_time":2.542220765,"remaining_time":0.2668629532},
{"learn":[0.044001903],"iteration":905,"passed_time":2.545006682,"remaining_time":0.2640514659},
{"learn":[0.04395265962],"iteration":906,"passed_time":2.54759815,"remaining_time":0.261220097},
{"learn":[0.04391238274],"iteration":907,"passed_time":2.550450926,"remaining_time":0.2584157326},
{"learn":[0.04387448867],"iteration":908,"passed_time":2.553087601,"remaining_time":0.2555896279},
{"learn":[0.04383244548],"iteration":909,"passed_time":2.555691673,"remaining_time":0.2527607149},
{"learn":[0.04379693769],"iteration":910,"passed_time":2.558361864,"remaining_time":0.2499387551},
{"learn":[0.04376716595],"iteration":911,"passed_time":2.560906991,"remaining_time":0.2471050605},
{"learn":[0.04374232656],"iteration":912,"passed_time":2.563800659,"remaining_time":0.2443052107},
{"learn":[0.04370416181],"iteration":913,"passed_time":2.566403748,"remaining_time":0.2414778143},
{"learn":[0.04368143305],"iteration":914,"passed_time":2.568922854,"remaining_time":0.2386431066},
{"learn":[0.04364344767],"iteration":915,"passed_time":2.571709622,"remaining_time":0.2358336335},
{"learn":[0.04357572712],"iteration":916,"passed_time":2.574256853,"remaining_time":0.2330025287},
{"learn":[0.04351553949],"iteration":917,"passed_time":2.57690394,"remaining_time":0.230180962},
{"learn":[0.04346448494],"iteration":918,"passed_time":2.579511457,"remaining_time":0.2273562873},
{"learn":[0.04344031612],"iteration":919,"passed_time":2.582019221,"remaining_time":0.2245234105},
{"learn":[0.04341253179],"iteration":920,"passed_time":2.584636669,"remaining_time":0.221700648},
{"learn":[0.04335403749],"iteration":921,"passed_time":2.58726593,"remaining_time":0.2188793303},
{"learn":[0.04333966365],"iteration":922,"passed_time":2.590015797,"remaining_time":0.2160684901},
{"learn":[0.04330870804],"iteration":923,"passed_time":2.592647692,"remaining_time":0.2132480786},
{"learn":[0.04325933101],"iteration":924,"passed_time":2.595224771,"remaining_time":0.2104236301},
{"learn":[0.04324186548],"iteration":925,"passed_time":2.597912777,"remaining_time":0.2076085804},
{"learn":[0.04322784149],"iteration":926,"passed_time":2.600569421,"remaining_time":0.2047913352},
{"learn":[0.04317688155],"iteration":927,"passed_time":2.603336703,"remaining_time":0.2019830201},
{"learn":[0.04313109281],"iteration":928,"passed_time":2.606066589,"remaining_time":0.1991719352},
{"learn":[0.04310022646],"iteration":929,"passed_time":2.608764353,"remaining_time":0.1963586073},
{"learn":[0.04306905628],"iteration":930,"passed_time":2.61148373,"remaining_time":0.1935471293},
{"learn":[0.0430355015],"iteration":931,"passed_time":2.61401994,"remaining_time":0.1907224849},
{"learn":[0.04300177653],"iteration":932,"passed_time":2.61661235,"remaining_time":0.1879024946},
{"learn":[0.04298804082],"iteration":933,"passed_time":2.619322888,"remaining_time":0.185091339},
{"learn":[0.04295926119],"iteration":934,"passed_time":2.622166077,"remaining_time":0.1822896203},
{"learn":[0.04292497637],"iteration":935,"passed_time":2.624952304,"remaining_time":0.1794839182},
{"learn":[0.04289567425],"iteration":936,"passed_time":2.627695778,"remaining_time":0.1766753831},
{"learn":[0.04285119973],"iteration":937,"passed_time":2.630500762,"remaining_time":0.1738710525},
{"learn":[0.04282431904],"iteration":938,"passed_time":2.633181902,"remaining_time":0.1710586752},
{"learn":[0.04278382014],"iteration":939,"passed_time":2.63590165,"remaining_time":0.1682490415},
{"learn":[0.04276509308],"iteration":940,"passed_time":2.638618101,"remaining_time":0.1654393921},
{"learn":[0.04270632287],"iteration":941,"passed_time":2.641273904,"remaining_time":0.1626262064},
{"learn":[0.04269314851],"iteration":942,"passed_time":2.643994303,"remaining_time":0.159817259},
{"learn":[0.04267935382],"iteration":943,"passed_time":2.646544078,"remaining_time":0.1569983775},
{"learn":[0.04265365627],"iteration":944,"passed_time":2.649247043,"remaining_time":0.1541889814},
{"learn":[0.04263128445],"iteration":945,"passed_time":2.652040555,"remaining_time":0.1513849788},
{"learn":[0.04259852319],"iteration":946,"passed_time":2.654751856,"remaining_time":0.1485763974},
{"learn":[0.04257290356],"iteration":947,"passed_time":2.657324267,"remaining_time":0.1457604028},
{"learn":[0.04256015192],"iteration":948,"passed_time":2.659974117,"remaining_time":0.1429490832},
{"learn":[0.04251495901],"iteration":949,"passed_time":2.662549753,"remaining_time":0.1401341975},
{"learn":[0.04249319144],"iteration":950,"passed_time":2.665365077,"remaining_time":0.1373321649},
{"learn":[0.04246353532],"iteration":951,"passed_time":2.668063914,"remaining_time":0.134524231},
{"learn":[0.04242494996],"iteration":952,"passed_time":2.671050444,"remaining_time":0.1317307144},
{"learn":[0.04240878405],"iteration":953,"passed_time":2.67379582,"remaining_time":0.1289251653},
{"learn":[0.04239077603],"iteration":954,"passed_time":2.67659381,"remaining_time":0.1261222214},
{"learn":[0.04236636837],"iteration":955,"passed_time":2.679527937,"remaining_time":0.1233255536},
{"learn":[0.04232427118],"iteration":956,"passed_time":2.682272281,"remaining_time":0.1205200712},
{"learn":[0.04230355688],"iteration":957,"passed_time":2.685506254,"remaining_time":0.1177361823},
{"learn":[0.04227428522],"iteration":958,"passed_time":2.689086583,"remaining_time":0.1149661626},
{"learn":[0.04225066075],"iteration":959,"passed_time":2.692332734,"remaining_time":0.1121805306},
{"learn":[0.04223311785],"iteration":960,"passed_time":2.695560504,"remaining_time":0.1093931942},
{"learn":[0.04219694226],"iteration":961,"passed_time":2.698975001,"remaining_time":0.1066123181},
{"learn":[0.04217129133],"iteration":962,"passed_time":2.702454987,"remaining_time":0.1038326423},
{"learn":[0.04215244551],"iteration":963,"passed_time":2.706171792,"remaining_time":0.1010603574},
{"learn":[0.04212705661],"iteration":964,"passed_time":2.709229548,"remaining_time":0.09826221158},
{"learn":[0.04211458586],"iteration":965,"passed_time":2.712826227,"remaining_time":0.09548249659},
{"learn":[0.04207712464],"iteration":966,"passed_time":2.716151756,"remaining_time":0.09269183864},
{"learn":[0.04205392968],"iteration":967,"passed_time":2.720001379,"remaining_time":0.08991740095},
{"learn":[0.0419812316],"iteration":968,"passed_time":2.723405312,"remaining_time":0.08712648573},
{"learn":[0.04195278764],"iteration":969,"passed_time":2.7268009,"remaining_time":0.08433404845},
{"learn":[0.04192617349],"iteration":970,"passed_time":2.729919664,"remaining_time":0.0815321012},
{"learn":[0.0419000456],"iteration":971,"passed_time":2.732919358,"remaining_time":0.07872607205},
{"learn":[0.04187797797],"iteration":972,"passed_time":2.736523481,"remaining_time":0.07593641726},
{"learn":[0.04183696379],"iteration":973,"passed_time":2.739594022,"remaining_time":0.07313084659},
{"learn":[0.04180952937],"iteration":974,"passed_time":2.742408495,"remaining_time":0.07031816653},
{"learn":[0.04177818511],"iteration":975,"passed_time":2.745431585,"remaining_time":0.06751061276},
{"learn":[0.04176159493],"iteration":976,"passed_time":2.74821192,"remaining_time":0.06469690292},
{"learn":[0.04172382441],"iteration":977,"passed_time":2.751272143,"remaining_time":0.06188955741},
{"learn":[0.04169970407],"iteration":978,"passed_time":2.754063589,"remaining_time":0.0590759299},
{"learn":[0.04167820939],"iteration":979,"passed_time":2.757110116,"remaining_time":0.05626755338},
{"learn":[0.04165937889],"iteration":980,"passed_time":2.759938284,"remaining_time":0.05345446217},
{"learn":[0.04164137057],"iteration":981,"passed_time":2.763189349,"remaining_time":0.05064909194},
{"learn":[0.0415934199],"iteration":982,"passed_time":2.766394954,"remaining_time":0.0478420287},
{"learn":[0.04157658854],"iteration":983,"passed_time":2.769212071,"remaining_time":0.04502783856},
{"learn":[0.04156467524],"iteration":984,"passed_time":2.772258075,"remaining_time":0.04221712805},
{"learn":[0.04153522631],"iteration":985,"passed_time":2.775133136,"remaining_time":0.03940351309},
{"learn":[0.0415096695],"iteration":986,"passed_time":2.777952339,"remaining_time":0.0365890379},
{"learn":[0.04147085401],"iteration":987,"passed_time":2.780659781,"remaining_time":0.03377319572},
{"learn":[0.04143265147],"iteration":988,"passed_time":2.783350584,"remaining_time":0.03095738768},
{"learn":[0.04137771795],"iteration":989,"passed_time":2.786095709,"remaining_time":0.0281423809},
{"learn":[0.04134781519],"iteration":990,"passed_time":2.788738827,"remaining_time":0.02532658874},
{"learn":[0.0413152572],"iteration":991,"passed_time":2.791544813,"remaining_time":0.02251245817},
{"learn":[0.0412820334],"iteration":992,"passed_time":2.794255974,"remaining_time":0.01969767555},
{"learn":[0.0412515637],"iteration":993,"passed_time":2.797093531,"remaining_time":0.01688386437},
{"learn":[0.04116116816],"iteration":994,"passed_time":2.79971637,"remaining_time":0.01406892648},
{"learn":[0.04114696612],"iteration":995,"passed_time":2.802293048,"remaining_time":0.01125418895},
{"learn":[0.04110511751],"iteration":996,"passed_time":2.805125746,"remaining_time":0.008440699336},
{"learn":[0.04108993879],"iteration":997,"passed_time":2.807747883,"remaining_time":0.005626749265},
{"learn":[0.04104709565],"iteration":998,"passed_time":2.810477351,"remaining_time":0.002813290642},
{"learn":[0.04101074412],"iteration":999,"passed_time":2.813096651,"remaining_time":0}
]}