{
"meta":{"test_sets":[],"test_metrics":[],"learn_metrics":[{"best_value":"Min","name":"Logloss"}],"launch_mode":"Train","parameters":"","iteration_count":1000,"learn_sets":["learn"],"name":"experiment"},
"iterations":[
{"learn":[0.6591910084],"iteration":0,"passed_time":0.003781202578,"remaining_time":3.777421375},
{"learn":[0.6305714872],"iteration":1,"passed_time":0.008212826325,"remaining_time":4.098200336},
{"learn":[0.5937305408],"iteration":2,"passed_time":0.01336557127,"remaining_time":4.441824852},
{"learn":[0.5655267807],"iteration":3,"passed_time":0.01712639613,"remaining_time":4.264472636},
{"learn":[0.5403896976],"iteration":4,"passed_time":0.02105826484,"remaining_time":4.190594702},
{"learn":[0.5190772875],"iteration":5,"passed_time":0.02567756041,"remaining_time":4.253915841},
{"learn":[0.5000521758],"iteration":6,"passed_time":0.02915027456,"remaining_time":4.135174663},
{"learn":[0.4805560484],"iteration":7,"passed_time":0.03303078445,"remaining_time":4.095817272},
{"learn":[0.4622691576],"iteration":8,"passed_time":0.03690316374,"remaining_time":4.063448363},
{"learn":[0.4442857194],"iteration":9,"passed_time":0.04162687364,"remaining_time":4.121060491},
{"learn":[0.4269600171],"iteration":10,"passed_time":0.04554815026,"remaining_time":4.095192783},
{"learn":[0.4137534028],"iteration":11,"passed_time":0.04937440015,"remaining_time":4.065158946},
{"learn":[0.3990577896],"iteration":12,"passed_time":0.05333639749,"remaining_time":4.049463409},
{"learn":[0.3873676107],"iteration":13,"passed_time":0.05768550076,"remaining_time":4.06270741},
{"learn":[0.3757866284],"iteration":14,"passed_time":0.0614764512,"remaining_time":4.036953629},
{"learn":[0.3660525836],"iteration":15,"passed_time":0.06617450274,"remaining_time":4.069731919},
{"learn":[0.3564417545],"iteration":16,"passed_time":0.0709632861,"remaining_time":4.103347661},
{"learn":[0.3458017404],"iteration":17,"passed_time":0.0767202308,"remaining_time":4.185514814},
{"learn":[0.3354980474],"iteration":18,"passed_time":0.08070062442,"remaining_time":4.166700661},
{"learn":[0.3234458439],"iteration":19,"passed_time":0.08436516555,"remaining_time":4.133893112},
{"learn":[0.3162706411],"iteration":20,"passed_time":0.08859804142,"remaining_time":4.130356312},
{"learn":[0.3089023779],"iteration":21,"passed_time":0.09347883356,"remaining_time":4.155559055},
{"learn":[0.3026142999],"iteration":22,"passed_time":0.105138335,"remaining_time":4.466093622},
{"learn":[0.2955461448],"iteration":23,"passed_time":0.1111130237,"remaining_time":4.518596299},
{"learn":[0.2890216129],"iteration":24,"passed_time":0.1155729544,"remaining_time":4.507345222},
{"learn":[0.2794409006],"iteration":25,"passed_time":0.1197485983,"remaining_time":4.485966723},
{"learn":[0.2709897064],"iteration":26,"passed_time":0.1233588456,"remaining_time":4.445487288},
{"learn":[0.2658287811],"iteration":27,"passed_time":0.126955857,"remaining_time":4.407181893},
{"learn":[0.2625787565],"iteration":28,"passed_time":0.1299922354,"remaining_time":4.352498641},
{"learn":[0.2585636697],"iteration":29,"passed_time":0.1333319653,"remaining_time":4.311066878},
{"learn":[0.2544171721],"iteration":30,"passed_time":0.1369570119,"remaining_time":4.281011113},
{"learn":[0.2505667629],"iteration":31,"passed_time":0.1408139807,"remaining_time":4.259622916},
{"learn":[0.2476888502],"iteration":32,"passed_time":0.1438587449,"remaining_time":4.215497162},
{"learn":[0.2449526856],"iteration":33,"passed_time":0.1470825812,"remaining_time":4.178875689},
{"learn":[0.2387829445],"iteration":34,"passed_time":0.1504012254,"remaining_time":4.146776643},
{"learn":[0.2337084886],"iteration":35,"passed_time":0.1541261371,"remaining_time":4.127155448},
{"learn":[0.2286366313],"iteration":36,"passed_time":0.1581812535,"remaining_time":4.11698776},
{"learn":[0.2263588732],"iteration":37,"passed_time":0.1616562247,"remaining_time":4.092454952},
{"learn":[0.2239051366],"iteration":38,"passed_time":0.1650411442,"remaining_time":4.066783067},
{"learn":[0.2218025484],"iteration":39,"passed_time":0.1680965774,"remaining_time":4.034317858},
{"learn":[0.2180566661],"iteration":40,"passed_time":0.1718100493,"remaining_time":4.018678957},
{"learn":[0.2157019423],"iteration":41,"passed_time":0.1754998282,"remaining_time":4.003067509},
{"learn":[0.2129320291],"iteration":42,"passed_time":0.1788553635,"remaining_time":3.980571694},
{"learn":[0.2103050037],"iteration":43,"passed_time":0.1824367413,"remaining_time":3.963852834},
{"learn":[0.2087819512],"iteration":44,"passed_time":0.1870084686,"remaining_time":3.968735278},
{"learn":[0.2067520925],"iteration":45,"passed_time":0.1909152523,"remaining_time":3.95941632},
{"learn":[0.2043418471],"iteration":46,"passed_time":0.1945556591,"remaining_time":3.944926449},
{"learn":[0.2011389944],"iteration":47,"passed_time":0.1979295434,"remaining_time":3.92560261},
{"learn":[0.1996210572],"iteration":48,"passed_time":0.2012323075,"remaining_time":3.905549477},
{"learn":[0.1965921968],"iteration":49,"passed_time":0.2043676442,"remaining_time":3.88298524},
{"learn":[0.1951473577],"iteration":50,"passed_time":0.2074647226,"remaining_time":3.860471015},
{"learn":[0.1935904896],"iteration":51,"passed_time":0.2104943029,"remaining_time":3.837473061},
{"learn":[0.1916826377],"iteration":52,"passed_time":0.2134513928,"remaining_time":3.813933377},
{"learn":[0.188812038],"iteration":53,"passed_time":0.2163662558,"remaining_time":3.790416259},
{"learn":[0.1867234275],"iteration":54,"passed_time":0.2205085947,"remaining_time":3.788738582},
{"learn":[0.1854005721],"iteration":55,"passed_time":0.2242943314,"remaining_time":3.780961586},
{"learn":[0.1839055908],"iteration":56,"passed_time":0.2273256158,"remaining_time":3.760843083},
{"learn":[0.1813069499],"iteration":57,"passed_time":0.2304132241,"remaining_time":3.742228571},
{"learn":[0.1790728993],"iteration":58,"passed_time":0.2344177509,"remaining_time":3.738764467},
{"learn":[0.1779612193],"iteration":59,"passed_time":0.2383347143,"remaining_time":3.733910525},
{"learn":[0.1756613598],"iteration":60,"passed_time":0.2419155157,"remaining_time":3.723912611},
{"learn":[0.1744188424],"iteration":61,"passed_time":0.2450890067,"remaining_time":3.707959488},
{"learn":[0.1728599936],"iteration":62,"passed_time":0.248256111,"remaining_time":3.69231708},
{"learn":[0.1708234274],"iteration":63,"passed_time":0.2520384682,"remaining_time":3.686062597},
{"learn":[0.1696272982],"iteration":64,"passed_time":0.2551588003,"remaining_time":3.670361204},
{"learn":[0.1677067116],"iteration":65,"passed_time":0.2583200736,"remaining_time":3.655620436},
{"learn":[0.1652830091],"iteration":66,"passed_time":0.2613806685,"remaining_time":3.639823339},
{"learn":[0.1633842098],"iteration":67,"passed_time":0.2645022316,"remaining_time":3.625236468},
{"learn":[0.1621924109],"iteration":68,"passed_time":0.2689554123,"remaining_time":3.628949114},
{"learn":[0.1607580963],"iteration":69,"passed_time":0.27217762,"remaining_time":3.616074095},
{"learn":[0.160037057],"iteration":70,"passed_time":0.2752869455,"remaining_time":3.601993978},
{"learn":[0.1581821267],"iteration":71,"passed_time":0.2787697978,"remaining_time":3.593032949},
{"learn":[0.1571003638],"iteration":72,"passed_time":0.2825331809,"remaining_time":3.587784366},
{"learn":[0.1552064984],"iteration":73,"passed_time":0.2863649211,"remaining_time":3.58343131},
{"learn":[0.154037867],"iteration":74,"passed_time":0.2896493601,"remaining_time":3.572342108},
{"learn":[0.1523184297],"iteration":75,"passed_time":0.2927339691,"remaining_time":3.559028783},
{"learn":[0.1514771483],"iteration":76,"passed_time":0.2959370101,"remaining_time":3.547400784},
{"learn":[0.1503949673],"iteration":77,"passed_time":0.3003711991,"remaining_time":3.55054161},
{"learn":[0.1491875785],"iteration":78,"passed_time":0.3045242143,"remaining_time":3.550212676},
{"learn":[0.1482972431],"iteration":79,"passed_time":0.3076429756,"remaining_time":3.53789422},
{"learn":[0.1467696734],"iteration":80,"passed_time":0.3106709561,"remaining_time":3.524772946},
{"learn":[0.1458247496],"iteration":81,"passed_time":0.3140267453,"remaining_time":3.51556771},
{"learn":[0.1450656824],"iteration":82,"passed_time":0.3176291988,"remaining_time":3.509228618},
{"learn":[0.1437540195],"iteration":83,"passed_time":0.3205617944,"remaining_time":3.495650044},
{"learn":[0.142993166],"iteration":84,"passed_time":0.3234935376,"remaining_time":3.482312787},
{"learn":[0.1422875425],"iteration":85,"passed_time":0.3265370101,"remaining_time":3.470404967},
{"learn":[0.1414955537],"iteration":86,"passed_time":0.3315596272,"remaining_time":3.479470571},
{"learn":[0.1401897688],"iteration":87,"passed_time":0.3346390372,"remaining_time":3.468077295},
{"learn":[0.1393125235],"iteration":88,"passed_time":0.3377050451,"remaining_time":3.456733664},
{"learn":[0.1385845497],"iteration":89,"passed_time":0.340647425,"remaining_time":3.444323964},
{"learn":[0.1375966821],"iteration":90,"passed_time":0.3437108412,"remaining_time":3.43333137},
{"learn":[0.1365330041],"iteration":91,"passed_time":0.3469444418,"remaining_time":3.424190795},
{"learn":[0.1356618701],"iteration":92,"passed_time":0.3503029868,"remaining_time":3.416395796},
{"learn":[0.1348834066],"iteration":93,"passed_time":0.3535463197,"remaining_time":3.407584741},
{"learn":[0.1339580361],"iteration":94,"passed_time":0.356562573,"remaining_time":3.396727669},
{"learn":[0.1330144169],"iteration":95,"passed_time":0.3598372246,"remaining_time":3.388467199},
{"learn":[0.1322131385],"iteration":96,"passed_time":0.3632800498,"remaining_time":3.381875102},
{"learn":[0.1314998604],"iteration":97,"passed_time":0.366791363,"remaining_time":3.375977647},
{"learn":[0.1307842935],"iteration":98,"passed_time":0.3698315932,"remaining_time":3.365841065},
{"learn":[0.1300063096],"iteration":99,"passed_time":0.3731525704,"remaining_time":3.358373134},
{"learn":[0.1293618892],"iteration":100,"passed_time":0.3760842771,"remaining_time":3.347522427},
{"learn":[0.1283847518],"iteration":101,"passed_time":0.3795810527,"remaining_time":3.341801817},
{"learn":[0.1276744357],"iteration":102,"passed_time":0.3827686433,"remaining_time":3.333431777},
{"learn":[0.1271448675],"iteration":103,"passed_time":0.3857266568,"remaining_time":3.323183505},
{"learn":[0.1268180308],"iteration":104,"passed_time":0.389136463,"remaining_time":3.316925089},
{"learn":[0.1260891074],"iteration":105,"passed_time":0.3925770328,"remaining_time":3.31097988},
{"learn":[0.1255426313],"iteration":106,"passed_time":0.3960807567,"remaining_time":3.305608558},
{"learn":[0.1250134436],"iteration":107,"passed_time":0.4000078661,"remaining_time":3.303768672},
{"learn":[0.1243927735],"iteration":108,"passed_time":0.403339869,"remaining_time":3.297025902},
{"learn":[0.1234848582],"iteration":109,"passed_time":0.4063957831,"remaining_time":3.288111336},
{"learn":[0.1230664336],"iteration":110,"passed_time":0.4093865629,"remaining_time":3.278780671},
{"learn":[0.1220835012],"iteration":111,"passed_time":0.4139553561,"remaining_time":3.282074609},
{"learn":[0.1216670143],"iteration":112,"passed_time":0.417007447,"remaining_time":3.273323943},
{"learn":[0.1210966963],"iteration":113,"passed_time":0.4201492585,"remaining_time":3.265370553},
{"learn":[0.1204826154],"iteration":114,"passed_time":0.4231571798,"remaining_time":3.256470471},
{"learn":[0.1200418283],"iteration":115,"passed_time":0.4260909526,"remaining_time":3.247106914},
{"learn":[0.119625002],"iteration":116,"passed_time":0.4298184268,"remaining_time":3.243843341},
{"learn":[0.1190560433],"iteration":117,"passed_time":0.4328592794,"remaining_time":3.235439699},
{"learn":[0.1186423046],"iteration":118,"passed_time":0.4364447694,"remaining_time":3.231158335},
{"learn":[0.1181288236],"iteration":119,"passed_time":0.4396352421,"remaining_time":3.223991775},
{"learn":[0.117883779],"iteration":120,"passed_time":0.4426143547,"remaining_time":3.215355519},
{"learn":[0.1174907784],"iteration":121,"passed_time":0.4459621996,"remaining_time":3.209465666},
{"learn":[0.1169243496],"iteration":122,"passed_time":0.4488388124,"remaining_time":3.200257224},
{"learn":[0.1164861097],"iteration":123,"passed_time":0.4520917404,"remaining_time":3.193809392},
{"learn":[0.116167944],"iteration":124,"passed_time":0.4550652355,"remaining_time":3.185456649},
{"learn":[0.1156025686],"iteration":125,"passed_time":0.45803399,"remaining_time":3.177156407},
{"learn":[0.1149860315],"iteration":126,"passed_time":0.4617814918,"remaining_time":3.174293247},
{"learn":[0.1146259028],"iteration":127,"passed_time":0.4648290439,"remaining_time":3.166647862},
{"learn":[0.1140958775],"iteration":128,"passed_time":0.4679352182,"remaining_time":3.159469574},
{"learn":[0.1136138607],"iteration":129,"passed_time":0.4708724825,"remaining_time":3.151223536},
{"learn":[0.1133904895],"iteration":130,"passed_time":0.473801288,"remaining_time":3.143002437},
{"learn":[0.1127715288],"iteration":131,"passed_time":0.4774483808,"remaining_time":3.139584807},
{"learn":[0.1121468857],"iteration":132,"passed_time":0.4807716055,"remaining_time":3.134052496},
{"learn":[0.1115519455],"iteration":133,"passed_time":0.4837579468,"remaining_time":3.126375984},
{"learn":[0.1108873548],"iteration":134,"passed_time":0.4866762283,"remaining_time":3.11833287},
{"learn":[0.1103180662],"iteration":135,"passed_time":0.4896951129,"remaining_time":3.111004246},
{"learn":[0.1097944739],"iteration":136,"passed_time":0.4930949025,"remaining_time":3.106137962},
{"learn":[0.1091213388],"iteration":137,"passed_time":0.4968141372,"remaining_time":3.103288306},
{"learn":[0.1087071864],"iteration":138,"passed_time":0.500694559,"remaining_time":3.101424571},
{"learn":[0.1082098773],"iteration":139,"passed_time":0.5048952554,"remaining_time":3.101499426},
{"learn":[0.1079310212],"iteration":140,"passed_time":0.5079190494,"remaining_time":3.094343712},
{"learn":[0.1076056537],"iteration":141,"passed_time":0.5121276337,"remaining_time":3.094404998},
{"learn":[0.1071426915],"iteration":142,"passed_time":0.5155214756,"remaining_time":3.089523808},
{"learn":[0.1065210821],"iteration":143,"passed_time":0.5186241003,"remaining_time":3.082932152},
{"learn":[0.1061898068],"iteration":144,"passed_time":0.5215567983,"remaining_time":3.075386638},
{"learn":[0.1058701538],"iteration":145,"passed_time":0.5252316164,"remaining_time":3.072245208},
{"learn":[0.1054704963],"iteration":146,"passed_time":0.5285095677,"remaining_time":3.066793614},
{"learn":[0.1052207831],"iteration":147,"passed_time":0.5315826119,"remaining_time":3.060191793},
{"learn":[0.1045262554],"iteration":148,"passed_time":0.5345659565,"remaining_time":3.053125027},
{"learn":[0.1040864444],"iteration":149,"passed_time":0.537623046,"remaining_time":3.046530594},
{"learn":[0.1038173241],"iteration":150,"passed_time":0.5408483025,"remaining_time":3.040928535},
{"learn":[0.1034684368],"iteration":151,"passed_time":0.54470448,"remaining_time":3.038877625},
{"learn":[0.1029129623],"iteration":152,"passed_time":0.5477778003,"remaining_time":3.032469261},
{"learn":[0.1026417101],"iteration":153,"passed_time":0.5507732358,"remaining_time":3.025676347},
{"learn":[0.1022201974],"iteration":154,"passed_time":0.5537911676,"remaining_time":3.019055075},
{"learn":[0.1020222418],"iteration":155,"passed_time":0.5572877791,"remaining_time":3.015069779},
{"learn":[0.1016080787],"iteration":156,"passed_time":0.5608824883,"remaining_time":3.011617437},
{"learn":[0.1012634569],"iteration":157,"passed_time":0.5638805472,"remaining_time":3.004983676},
{"learn":[0.1007014096],"iteration":158,"passed_time":0.5668753533,"remaining_time":2.998378441},
{"learn":[0.1002955172],"iteration":159,"passed_time":0.5698653215,"remaining_time":2.991792938},
{"learn":[0.1000446732],"iteration":160,"passed_time":0.5739777588,"remaining_time":2.991101488},
{"learn":[0.09975685295],"iteration":161,"passed_time":0.5770050161,"remaining_time":2.984754343},
{"learn":[0.09945194157],"iteration":162,"passed_time":0.5799877036,"remaining_time":2.978219067},
{"learn":[0.09896446808],"iteration":163,"passed_time":0.5830126717,"remaining_time":2.971942644},
{"learn":[0.09841018199],"iteration":164,"passed_time":0.5861812978,"remaining_time":2.966432628},
{"learn":[0.09799414007],"iteration":165,"passed_time":0.5899003359,"remaining_time":2.963716146},
{"learn":[0.09769005582],"iteration":166,"passed_time":0.5930524925,"remaining_time":2.958160037},
{"learn":[0.09731577997],"iteration":167,"passed_time":0.5961103407,"remaining_time":2.952165497},
{"learn":[0.09691130634],"iteration":168,"passed_time":0.5990561106,"remaining_time":2.945654603},
{"learn":[0.096690573],"iteration":169,"passed_time":0.6022845629,"remaining_time":2.940565807},
{"learn":[0.09617558298],"iteration":170,"passed_time":0.6060220195,"remaining_time":2.937966398},
{"learn":[0.09584766534],"iteration":171,"passed_time":0.6096725742,"remaining_time":2.934935416},
{"learn":[0.09559877919],"iteration":172,"passed_time":0.6132707155,"remaining_time":2.931646715},
{"learn":[0.09538781968],"iteration":173,"passed_time":0.6162788208,"remaining_time":2.925553483},
{"learn":[0.09512575796],"iteration":174,"passed_time":0.6194683585,"remaining_time":2.920350833},
{"learn":[0.09477951373],"iteration":175,"passed_time":0.6233575494,"remaining_time":2.918446709},
{"learn":[0.09464164469],"iteration":176,"passed_time":0.6264976763,"remaining_time":2.913037218},
{"learn":[0.09446407109],"iteration":177,"passed_time":0.6294699466,"remaining_time":2.906878068},
{"learn":[0.09410469986],"iteration":178,"passed_time":0.6325461229,"remaining_time":2.9012311},
{"learn":[0.09368497951],"iteration":179,"passed_time":0.6368223017,"remaining_time":2.901079374},
{"learn":[0.09341744149],"iteration":180,"passed_time":0.640543379,"remaining_time":2.898370317},
{"learn":[0.09323464198],"iteration":181,"passed_time":0.6434588843,"remaining_time":2.892029491},
{"learn":[0.09296203369],"iteration":182,"passed_time":0.6464792116,"remaining_time":2.886194076},
{"learn":[0.09256858064],"iteration":183,"passed_time":0.6497243684,"remaining_time":2.881386329},
{"learn":[0.0923139742],"iteration":184,"passed_time":0.65276347,"remaining_time":2.875687719},
{"learn":[0.09212501289],"iteration":185,"passed_time":0.6569034069,"remaining_time":2.87483534},
{"learn":[0.09190347603],"iteration":186,"passed_time":0.660020468,"remaining_time":2.869500751},
{"learn":[0.09171243468],"iteration":187,"passed_time":0.6631941387,"remaining_time":2.864434258},
{"learn":[0.09136612712],"iteration":188,"passed_time":0.6661658603,"remaining_time":2.858521231},
{"learn":[0.09118910163],"iteration":189,"passed_time":0.6693040514,"remaining_time":2.853348851},
{"learn":[0.09092234417],"iteration":190,"passed_time":0.6734752719,"remaining_time":2.852573272},
{"learn":[0.09057541509],"iteration":191,"passed_time":0.6765333319,"remaining_time":2.847077772},
{"learn":[0.09042637508],"iteration":192,"passed_time":0.679818445,"remaining_time":2.842556918},
{"learn":[0.09014640215],"iteration":193,"passed_time":0.6829135216,"remaining_time":2.83725927},
{"learn":[0.09000320668],"iteration":194,"passed_time":0.6861649321,"remaining_time":2.832629591},
{"learn":[0.08980083354],"iteration":195,"passed_time":0.6896566571,"remaining_time":2.828999757},
{"learn":[0.08965987598],"iteration":196,"passed_time":0.692654887,"remaining_time":2.823359768},
{"learn":[0.08935803441],"iteration":197,"passed_time":0.6960060302,"remaining_time":2.81917594},
{"learn":[0.0889760002],"iteration":198,"passed_time":0.6990103202,"remaining_time":2.813604354},
{"learn":[0.08876165933],"iteration":199,"passed_time":0.7023420232,"remaining_time":2.809368093},
{"learn":[0.08840650565],"iteration":200,"passed_time":0.7058843262,"remaining_time":2.805977993},
{"learn":[0.08802703704],"iteration":201,"passed_time":0.7090523534,"remaining_time":2.801107812},
{"learn":[0.08789719147],"iteration":202,"passed_time":0.7122889342,"remaining_time":2.796523549},
{"learn":[0.0875376778],"iteration":203,"passed_time":0.7152799901,"remaining_time":2.790994471},
{"learn":[0.08734122095],"iteration":204,"passed_time":0.7182014211,"remaining_time":2.785220145},
{"learn":[0.08720401316],"iteration":205,"passed_time":0.7218202356,"remaining_time":2.782161491},
{"learn":[0.08698038884],"iteration":206,"passed_time":0.726148857,"remaining_time":2.781816636},
{"learn":[0.08684636828],"iteration":207,"passed_time":0.7291088619,"remaining_time":2.776222205},
{"learn":[0.08666312696],"iteration":208,"passed_time":0.7321439504,"remaining_time":2.770937152},
{"learn":[0.0864187905],"iteration":209,"passed_time":0.7359868226,"remaining_time":2.768712333},
{"learn":[0.08610778749],"iteration":210,"passed_time":0.7392256682,"remaining_time":2.764213518},
{"learn":[0.08584042723],"iteration":211,"passed_time":0.7422927183,"remaining_time":2.759088028},
{"learn":[0.08565472874],"iteration":212,"passed_time":0.7453906995,"remaining_time":2.754096153},
{"learn":[0.08533662243],"iteration":213,"passed_time":0.7483391127,"remaining_time":2.748572629},
{"learn":[0.0850169357],"iteration":214,"passed_time":0.7526019188,"remaining_time":2.747872122},
{"learn":[0.08489232563],"iteration":215,"passed_time":0.7559622122,"remaining_time":2.743862844},
{"learn":[0.08476981645],"iteration":216,"passed_time":0.7589643789,"remaining_time":2.738567321},
{"learn":[0.08460593774],"iteration":217,"passed_time":0.7619261296,"remaining_time":2.733147859},
{"learn":[0.08420255128],"iteration":218,"passed_time":0.764966753,"remaining_time":2.728032119},
{"learn":[0.08403350753],"iteration":219,"passed_time":0.7692902461,"remaining_time":2.7274836},
{"learn":[0.08376564313],"iteration":220,"passed_time":0.7725592785,"remaining_time":2.723184063},
{"learn":[0.08360940818],"iteration":221,"passed_time":0.7755682554,"remaining_time":2.717982445},
{"learn":[0.08347787605],"iteration":222,"passed_time":0.7786129459,"remaining_time":2.712924928},
{"learn":[0.08321836404],"iteration":223,"passed_time":0.7816718071,"remaining_time":2.707934475},
{"learn":[0.08302022775],"iteration":224,"passed_time":0.7855470438,"remaining_time":2.705773151},
{"learn":[0.08283852648],"iteration":225,"passed_time":0.7886768651,"remaining_time":2.701043777},
{"learn":[0.08271739142],"iteration":226,"passed_time":0.7916288826,"remaining_time":2.695723023},
{"learn":[0.08232417329],"iteration":227,"passed_time":0.7946557632,"remaining_time":2.690676532},
{"learn":[0.08202772178],"iteration":228,"passed_time":0.7977001706,"remaining_time":2.685706688},
{"learn":[0.08189556155],"iteration":229,"passed_time":0.802160304,"remaining_time":2.685493192},
{"learn":[0.08155653798],"iteration":230,"passed_time":0.8052361809,"remaining_time":2.680634732},
{"learn":[0.08135795005],"iteration":231,"passed_time":0.8081614324,"remaining_time":2.675293018},
{"learn":[0.08111416135],"iteration":232,"passed_time":0.8111963289,"remaining_time":2.67033298},
{"learn":[0.08096364133],"iteration":233,"passed_time":0.8142233866,"remaining_time":2.665363736},
{"learn":[0.08068760812],"iteration":234,"passed_time":0.8189739611,"remaining_time":2.666021618},
{"learn":[0.08036942235],"iteration":235,"passed_time":0.8228791653,"remaining_time":2.663896959},
{"learn":[0.08018951201],"iteration":236,"passed_time":0.8260207016,"remaining_time":2.659298714},
{"learn":[0.08000864681],"iteration":237,"passed_time":0.8289878883,"remaining_time":2.654154499},
{"learn":[0.07979461185],"iteration":238,"passed_time":0.8330790568,"remaining_time":2.652607373},
{"learn":[0.07967385079],"iteration":239,"passed_time":0.83623267,"remaining_time":2.648070122},
{"learn":[0.07935573224],"iteration":240,"passed_time":0.8392001406,"remaining_time":2.642958119},
{"learn":[0.07908560679],"iteration":241,"passed_time":0.8422342494,"remaining_time":2.638072566},
{"learn":[0.07869442209],"iteration":242,"passed_time":0.8453629352,"remaining_time":2.63349688},
{"learn":[0.0784229138],"iteration":243,"passed_time":0.8498285745,"remaining_time":2.633075419},
{"learn":[0.0782800337],"iteration":244,"passed_time":0.8531570191,"remaining_time":2.629116528},
{"learn":[0.07819766914],"iteration":245,"passed_time":0.85621067,"remaining_time":2.624320509},
{"learn":[0.07808892448],"iteration":246,"passed_time":0.8594006574,"remaining_time":2.619954231},
{"learn":[0.07794988628],"iteration":247,"passed_time":0.8624704341,"remaining_time":2.615232929},
{"learn":[0.07762737807],"iteration":248,"passed_time":0.8668468482,"remaining_time":2.614465795},
{"learn":[0.07743642007],"iteration":249,"passed_time":0.8699316022,"remaining_time":2.609794807},
{"learn":[0.07729717932],"iteration":250,"passed_time":0.8730473408,"remaining_time":2.605228917},
{"learn":[0.07704938881],"iteration":251,"passed_time":0.8766179273,"remaining_time":2.602024641},
{"learn":[0.07678489211],"iteration":252,"passed_time":0.8806243052,"remaining_time":2.600104174},
{"learn":[0.07664321608],"iteration":253,"passed_time":0.8840503813,"remaining_time":2.596462931},
{"learn":[0.07657534699],"iteration":254,"passed_time":0.8870630962,"remaining_time":2.591615712},
{"learn":[0.07627175293],"iteration":255,"passed_time":0.8903090985,"remaining_time":2.587460817},
{"learn":[0.07612307898],"iteration":256,"passed_time":0.8934480183,"remaining_time":2.583003415},
{"learn":[0.07589837013],"iteration":257,"passed_time":0.8980020703,"remaining_time":2.582626109},
{"learn":[0.0756667972],"iteration":258,"passed_time":0.9015041265,"remaining_time":2.579206787},
{"learn":[0.07547720243],"iteration":259,"passed_time":0.9046540625,"remaining_time":2.574784639},
{"learn":[0.07537577362],"iteration":260,"passed_time":0.9076416287,"remaining_time":2.569912504},
{"learn":[0.07526263842],"iteration":261,"passed_time":0.9112370389,"remaining_time":2.566766926},
{"learn":[0.07513586625],"iteration":262,"passed_time":0.9159330907,"remaining_time":2.566702235},
{"learn":[0.07491833356],"iteration":263,"passed_time":0.9208313924,"remaining_time":2.567166306},
{"learn":[0.0747152087],"iteration":264,"passed_time":0.9248468793,"remaining_time":2.565141344},
{"learn":[0.07449044676],"iteration":265,"passed_time":0.9293096374,"remaining_time":2.564335616},
{"learn":[0.07424467556],"iteration":266,"passed_time":0.9331725231,"remaining_time":2.561855653},
{"learn":[0.07415346563],"iteration":267,"passed_time":0.936754335,"remaining_time":2.558597661},
{"learn":[0.07388141741],"iteration":268,"passed_time":0.9401990951,"remaining_time":2.554964827},
{"learn":[0.07368047849],"iteration":269,"passed_time":0.9444759167,"remaining_time":2.553583034},
{"learn":[0.07352045809],"iteration":270,"passed_time":0.9486678106,"remaining_time":2.551951417},
{"learn":[0.0733904237],"iteration":271,"passed_time":0.951622751,"remaining_time":2.546990304},
{"learn":[0.07327985134],"iteration":272,"passed_time":0.9546062796,"remaining_time":2.542120019},
{"learn":[0.07314490401],"iteration":273,"passed_time":0.9577197304,"remaining_time":2.537607753},
{"learn":[0.07293401343],"iteration":274,"passed_time":0.960903753,"remaining_time":2.533291713},
{"learn":[0.07282136903],"iteration":275,"passed_time":0.9649064316,"remaining_time":2.531131364},
{"learn":[0.07269057973],"iteration":276,"passed_time":0.9680578937,"remaining_time":2.526735946},
{"learn":[0.07259991987],"iteration":277,"passed_time":0.9714088533,"remaining_time":2.522867597},
{"learn":[0.07243791054],"iteration":278,"passed_time":0.9745138973,"remaining_time":2.518367455},
{"learn":[0.07229458475],"iteration":279,"passed_time":0.977727931,"remaining_time":2.514157537},
{"learn":[0.07208856002],"iteration":280,"passed_time":0.9811839677,"remaining_time":2.510573925},
{"learn":[0.07194699765],"iteration":281,"passed_time":0.9842901446,"remaining_time":2.506100439},
{"learn":[0.0717353068],"iteration":282,"passed_time":0.9875087016,"remaining_time":2.501921339},
{"learn":[0.07149004539],"iteration":283,"passed_time":0.9906222217,"remaining_time":2.497484193},
{"learn":[0.07139769797],"iteration":284,"passed_time":0.994373455,"remaining_time":2.494656212},
{"learn":[0.07131576203],"iteration":285,"passed_time":0.99815189,"remaining_time":2.491889684},
{"learn":[0.07123972578],"iteration":286,"passed_time":1.001429333,"remaining_time":2.487871479},
{"learn":[0.07103698481],"iteration":287,"passed_time":1.004868804,"remaining_time":2.484258988},
{"learn":[0.07087471956],"iteration":288,"passed_time":1.007991579,"remaining_time":2.479868557},
{"learn":[0.07072340102],"iteration":289,"passed_time":1.012080987,"remaining_time":2.477853451},
{"learn":[0.07053848714],"iteration":290,"passed_time":1.015114413,"remaining_time":2.473251268},
{"learn":[0.07039762647],"iteration":291,"passed_time":1.018308156,"remaining_time":2.469048544},
{"learn":[0.07031248181],"iteration":292,"passed_time":1.021433678,"remaining_time":2.46468809},
{"learn":[0.0701160704],"iteration":293,"passed_time":1.024502978,"remaining_time":2.460201029},
{"learn":[0.07003831693],"iteration":294,"passed_time":1.028590358,"remaining_time":2.458156619},
{"learn":[0.0698684065],"iteration":295,"passed_time":1.032549823,"remaining_time":2.455794173},
{"learn":[0.06971428539],"iteration":296,"passed_time":1.035766958,"remaining_time":2.451663878},
{"learn":[0.06963341196],"iteration":297,"passed_time":1.038800986,"remaining_time":2.447108363},
{"learn":[0.06954591625],"iteration":298,"passed_time":1.04225163,"remaining_time":2.443539774},
{"learn":[0.06946980413],"iteration":299,"passed_time":1.045714167,"remaining_time":2.439999723},
{"learn":[0.06935873433],"iteration":300,"passed_time":1.048965345,"remaining_time":2.435969356},
{"learn":[0.06924092724],"iteration":301,"passed_time":1.052036356,"remaining_time":2.431527737},
{"learn":[0.0691292544],"iteration":302,"passed_time":1.055101384,"remaining_time":2.427081402},
{"learn":[0.06901312875],"iteration":303,"passed_time":1.058904565,"remaining_time":2.424334137},
{"learn":[0.06879290968],"iteration":304,"passed_time":1.062427313,"remaining_time":2.420940926},
{"learn":[0.06867984966],"iteration":305,"passed_time":1.065484799,"remaining_time":2.416491668},
{"learn":[0.06852458315],"iteration":306,"passed_time":1.06860314,"remaining_time":2.412188846},
{"learn":[0.0684301638],"iteration":307,"passed_time":1.071637632,"remaining_time":2.407705328},
{"learn":[0.06827757162],"iteration":308,"passed_time":1.07536668,"remaining_time":2.404784388},
{"learn":[0.06817417895],"iteration":309,"passed_time":1.078455832,"remaining_time":2.400433948},
{"learn":[0.06803997051],"iteration":310,"passed_time":1.081497444,"remaining_time":2.395986298},
{"learn":[0.06788771059],"iteration":311,"passed_time":1.084414149,"remaining_time":2.391272226},
{"learn":[0.06769988743],"iteration":312,"passed_time":1.087451457,"remaining_time":2.386834348},
{"learn":[0.06758679009],"iteration":313,"passed_time":1.091258818,"remaining_time":2.384087736},
{"learn":[0.06749758457],"iteration":314,"passed_time":1.094966067,"remaining_time":2.381116684},
{"learn":[0.06739555496],"iteration":315,"passed_time":1.097781985,"remaining_time":2.376211638},
{"learn":[0.06721039293],"iteration":316,"passed_time":1.100872576,"remaining_time":2.371911575},
{"learn":[0.0670983266],"iteration":317,"passed_time":1.103928676,"remaining_time":2.367545147},
{"learn":[0.06689185764],"iteration":318,"passed_time":1.107827953,"remaining_time":2.364986947},
{"learn":[0.06665031864],"iteration":319,"passed_time":1.111291178,"remaining_time":2.361493753},
{"learn":[0.06655585385],"iteration":320,"passed_time":1.114384879,"remaining_time":2.357219104},
{"learn":[0.06646053733],"iteration":321,"passed_time":1.117350867,"remaining_time":2.352682882},
{"learn":[0.06629249193],"iteration":322,"passed_time":1.120522592,"remaining_time":2.348587601},
{"learn":[0.06617534121],"iteration":323,"passed_time":1.124416068,"remaining_time":2.346003895},
{"learn":[0.06599843615],"iteration":324,"passed_time":1.128392624,"remaining_time":2.34358468},
{"learn":[0.06582041491],"iteration":325,"passed_time":1.131934936,"remaining_time":2.34025812},
{"learn":[0.06560026836],"iteration":326,"passed_time":1.134866811,"remaining_time":2.335673896},
{"learn":[0.06539297516],"iteration":327,"passed_time":1.137776831,"remaining_time":2.33105497},
{"learn":[0.06524789405],"iteration":328,"passed_time":1.142067154,"remaining_time":2.329261581},
{"learn":[0.0650647953],"iteration":329,"passed_time":1.144964124,"remaining_time":2.324624131},
{"learn":[0.06488786675],"iteration":330,"passed_time":1.14794454,"remaining_time":2.320165853},
{"learn":[0.06474035296],"iteration":331,"passed_time":1.151026266,"remaining_time":2.315920319},
{"learn":[0.06466601222],"iteration":332,"passed_time":1.153982621,"remaining_time":2.311430655},
{"learn":[0.06455620041],"iteration":333,"passed_time":1.158272856,"remaining_time":2.309609947},
{"learn":[0.06444065389],"iteration":334,"passed_time":1.161315917,"remaining_time":2.305298761},
{"learn":[0.06433530902],"iteration":335,"passed_time":1.164331745,"remaining_time":2.300941305},
{"learn":[0.06411147856],"iteration":336,"passed_time":1.167355957,"remaining_time":2.296608306},
{"learn":[0.06392196131],"iteration":337,"passed_time":1.170444483,"remaining_time":2.292409018},
{"learn":[0.06385456776],"iteration":338,"passed_time":1.174445469,"remaining_time":2.289995443},
{"learn":[0.06374552444],"iteration":339,"passed_time":1.177465286,"remaining_time":2.285667908},
{"learn":[0.06362595515],"iteration":340,"passed_time":1.180563844,"remaining_time":2.281500214},
{"learn":[0.06350320634],"iteration":341,"passed_time":1.183630593,"remaining_time":2.277277574},
{"learn":[0.06336518632],"iteration":342,"passed_time":1.186918081,"remaining_time":2.273484487},
{"learn":[0.06316332134],"iteration":343,"passed_time":1.190965327,"remaining_time":2.271143182},
{"learn":[0.06305514405],"iteration":344,"passed_time":1.194009439,"remaining_time":2.266887486},
{"learn":[0.06293416285],"iteration":345,"passed_time":1.197014624,"remaining_time":2.262565215},
{"learn":[0.06283021241],"iteration":346,"passed_time":1.199972495,"remaining_time":2.258161496},
{"learn":[0.06273831245],"iteration":347,"passed_time":1.20361869,"remaining_time":2.255055706},
{"learn":[0.06262384434],"iteration":348,"passed_time":1.207162548,"remaining_time":2.251755928},
{"learn":[0.06250973157],"iteration":349,"passed_time":1.210139577,"remaining_time":2.247402072},
{"learn":[0.06243226393],"iteration":350,"passed_time":1.213130855,"remaining_time":2.243082408},
{"learn":[0.06232244788],"iteration":351,"passed_time":1.216085942,"remaining_time":2.238703665},
{"learn":[0.0622164746],"iteration":352,"passed_time":1.219565285,"remaining_time":2.23529388},
{"learn":[0.06215520612],"iteration":353,"passed_time":1.223282168,"remaining_time":2.232317176},
{"learn":[0.06204834698],"iteration":354,"passed_time":1.227275799,"remaining_time":2.229839128},
{"learn":[0.06189657685],"iteration":355,"passed_time":1.23040719,"remaining_time":2.225792782},
{"learn":[0.06180201041],"iteration":356,"passed_time":1.233553352,"remaining_time":2.221778165},
{"learn":[0.06163058659],"iteration":357,"passed_time":1.237357672,"remaining_time":2.218948675},
{"learn":[0.06140210543],"iteration":358,"passed_time":1.240533931,"remaining_time":2.214992339},
{"learn":[0.06125526266],"iteration":359,"passed_time":1.243476594,"remaining_time":2.210625056},
{"learn":[0.06114827084],"iteration":360,"passed_time":1.246732866,"remaining_time":2.206820779},
{"learn":[0.06106920587],"iteration":361,"passed_time":1.251514492,"remaining_time":2.205707862},
{"learn":[0.06098366926],"iteration":362,"passed_time":1.255112478,"remaining_time":2.202497654},
{"learn":[0.06083232723],"iteration":363,"passed_time":1.258165499,"remaining_time":2.198333124},
{"learn":[0.06068470195],"iteration":364,"passed_time":1.261142705,"remaining_time":2.194042788},
{"learn":[0.06052465972],"iteration":365,"passed_time":1.264247785,"remaining_time":2.189981135},
{"learn":[0.06039220324],"iteration":366,"passed_time":1.267497846,"remaining_time":2.186174758},
{"learn":[0.06028574782],"iteration":367,"passed_time":1.271333628,"remaining_time":2.183377318},
{"learn":[0.06020095304],"iteration":368,"passed_time":1.274333632,"remaining_time":2.179145046},
{"learn":[0.06004925307],"iteration":369,"passed_time":1.277265634,"remaining_time":2.174803647},
{"learn":[0.05998028433],"iteration":370,"passed_time":1.280518032,"remaining_time":2.171013052},
{"learn":[0.05988651275],"iteration":371,"passed_time":1.283571747,"remaining_time":2.166889939},
{"learn":[0.05977892314],"iteration":372,"passed_time":1.287364067,"remaining_time":2.164014128},
{"learn":[0.05963088112],"iteration":373,"passed_time":1.290500241,"remaining_time":2.160035162},
{"learn":[0.05950538207],"iteration":374,"passed_time":1.293551472,"remaining_time":2.15591912},
{"learn":[0.05941614989],"iteration":375,"passed_time":1.296610078,"remaining_time":2.15182098},
{"learn":[0.0592215653],"iteration":376,"passed_time":1.299841218,"remaining_time":2.148013471},
{"learn":[0.05909162515],"iteration":377,"passed_time":1.303875009,"remaining_time":2.145529778},
{"learn":[0.05897655053],"iteration":378,"passed_time":1.306874943,"remaining_time":2.141343903},
{"learn":[0.05881510963],"iteration":379,"passed_time":1.31025646,"remaining_time":2.137786855},
{"learn":[0.05873396155],"iteration":380,"passed_time":1.31347031,"remaining_time":2.133958325},
{"learn":[0.05861766961],"iteration":381,"passed_time":1.316986758,"remaining_time":2.130622556},
{"learn":[0.0585082537],"iteration":382,"passed_time":1.320159816,"remaining_time":2.126732654},
{"learn":[0.05835030353],"iteration":383,"passed_time":1.323451991,"remaining_time":2.123037568},
{"learn":[0.0582457919],"iteration":384,"passed_time":1.326507736,"remaining_time":2.118966903},
{"learn":[0.05808805422],"iteration":385,"passed_time":1.329496728,"remaining_time":2.114795313},
{"learn":[0.05795975265],"iteration":386,"passed_time":1.332499124,"remaining_time":2.110651067},
{"learn":[0.05782809491],"iteration":387,"passed_time":1.3362761,"remaining_time":2.107734467},
{"learn":[0.05773583407],"iteration":388,"passed_time":1.340079687,"remaining_time":2.104855241},
{"learn":[0.05764476736],"iteration":389,"passed_time":1.343079414,"remaining_time":2.100713955},
{"learn":[0.05756992182],"iteration":390,"passed_time":1.346145771,"remaining_time":2.096682287},
{"learn":[0.05745666319],"iteration":391,"passed_time":1.349431934,"remaining_time":2.092996468},
{"learn":[0.05737405329],"iteration":392,"passed_time":1.352710981,"remaining_time":2.089301693},
{"learn":[0.05725853026],"iteration":393,"passed_time":1.355799265,"remaining_time":2.085315621},
{"learn":[0.05715303582],"iteration":394,"passed_time":1.358875092,"remaining_time":2.081315015},
{"learn":[0.05699674419],"iteration":395,"passed_time":1.361896584,"remaining_time":2.077236204},
{"learn":[0.0568974165],"iteration":396,"passed_time":1.365215193,"remaining_time":2.073614008},
{"learn":[0.05680339999],"iteration":397,"passed_time":1.368754905,"remaining_time":2.070327771},
{"learn":[0.05663707341],"iteration":398,"passed_time":1.372016794,"remaining_time":2.066621788},
{"learn":[0.05657794837],"iteration":399,"passed_time":1.375029832,"remaining_time":2.062544748},
{"learn":[0.05650346836],"iteration":400,"passed_time":1.378048198,"remaining_time":2.058480973},
{"learn":[0.05643165937],"iteration":401,"passed_time":1.381225315,"remaining_time":2.054658553},
{"learn":[0.05636812654],"iteration":402,"passed_time":1.385317772,"remaining_time":2.05219531},
{"learn":[0.05623782468],"iteration":403,"passed_time":1.38836671,"remaining_time":2.048184553},
{"learn":[0.0561640529],"iteration":404,"passed_time":1.39137296,"remaining_time":2.044115831},
{"learn":[0.05599313959],"iteration":405,"passed_time":1.39449159,"remaining_time":2.04021676},
{"learn":[0.05592462308],"iteration":406,"passed_time":1.398102635,"remaining_time":2.037038975},
{"learn":[0.0557597499],"iteration":407,"passed_time":1.401515261,"remaining_time":2.033571164},
{"learn":[0.0556622561],"iteration":408,"passed_time":1.404616634,"remaining_time":2.029653865},
{"learn":[0.05555676113],"iteration":409,"passed_time":1.407523706,"remaining_time":2.025460943},
{"learn":[0.05543464526],"iteration":410,"passed_time":1.410537816,"remaining_time":2.021427673},
{"learn":[0.05530551957],"iteration":411,"passed_time":1.414073539,"remaining_time":2.018143789},
{"learn":[0.055216958],"iteration":412,"passed_time":1.417627883,"remaining_time":2.014885151},
{"learn":[0.05510013143],"iteration":413,"passed_time":1.420639736,"remaining_time":2.010857211},
{"learn":[0.05502327447],"iteration":414,"passed_time":1.423538732,"remaining_time":2.00667508},
{"learn":[0.05487738743],"iteration":415,"passed_time":1.426570422,"remaining_time":2.0026854},
{"learn":[0.05472261454],"iteration":416,"passed_time":1.430172687,"remaining_time":1.999498025},
{"learn":[0.05457352203],"iteration":417,"passed_time":1.434141359,"remaining_time":1.99681883},
{"learn":[0.05452341922],"iteration":418,"passed_time":1.43781564,"remaining_time":1.993725266},
{"learn":[0.05446343151],"iteration":419,"passed_time":1.440827396,"remaining_time":1.989714023},
{"learn":[0.05439648177],"iteration":420,"passed_time":1.443859125,"remaining_time":1.985734997},
{"learn":[0.0542440594],"iteration":421,"passed_time":1.447945302,"remaining_time":1.983204703},
{"learn":[0.05415829257],"iteration":422,"passed_time":1.451127296,"remaining_time":1.979433687},
{"learn":[0.05407356583],"iteration":423,"passed_time":1.454123466,"remaining_time":1.975413011},
{"learn":[0.0539600933],"iteration":424,"passed_time":1.457080977,"remaining_time":1.971344851},
{"learn":[0.05384974773],"iteration":425,"passed_time":1.460050137,"remaining_time":1.967297602},
{"learn":[0.0536922701],"iteration":426,"passed_time":1.46427077,"remaining_time":1.96493478},
{"learn":[0.0536173448],"iteration":427,"passed_time":1.467245758,"remaining_time":1.960898537},
{"learn":[0.0535026167],"iteration":428,"passed_time":1.470345221,"remaining_time":1.957032917},
{"learn":[0.05345356851],"iteration":429,"passed_time":1.473401065,"remaining_time":1.95311304},
{"learn":[0.05337754751],"iteration":430,"passed_time":1.47655377,"remaining_time":1.949325046},
{"learn":[0.05331221393],"iteration":431,"passed_time":1.480752922,"remaining_time":1.94691588},
{"learn":[0.05323815455],"iteration":432,"passed_time":1.48380108,"remaining_time":1.942991253},
{"learn":[0.05309888349],"iteration":433,"passed_time":1.486811373,"remaining_time":1.939021284},
{"learn":[0.05301794272],"iteration":434,"passed_time":1.48982945,"remaining_time":1.935065838},
{"learn":[0.05293027019],"iteration":435,"passed_time":1.492847342,"remaining_time":1.931114452},
{"learn":[0.0528100021],"iteration":436,"passed_time":1.497085848,"remaining_time":1.928739891},
{"learn":[0.05269993401],"iteration":437,"passed_time":1.500217161,"remaining_time":1.924936175},
{"learn":[0.05256637369],"iteration":438,"passed_time":1.503264248,"remaining_time":1.921027889},
{"learn":[0.0525232508],"iteration":439,"passed_time":1.506222249,"remaining_time":1.917010135},
{"learn":[0.0524807612],"iteration":440,"passed_time":1.509360084,"remaining_time":1.913225141},
{"learn":[0.05231476572],"iteration":441,"passed_time":1.513461718,"remaining_time":1.910659816},
{"learn":[0.05221840235],"iteration":442,"passed_time":1.516468806,"remaining_time":1.906711343},
{"learn":[0.05211486965],"iteration":443,"passed_time":1.519446207,"remaining_time":1.902729935},
{"learn":[0.05201368052],"iteration":444,"passed_time":1.522662242,"remaining_time":1.899050662},
{"learn":[0.05188964005],"iteration":445,"passed_time":1.525832836,"remaining_time":1.89531702},
{"learn":[0.05175831724],"iteration":446,"passed_time":1.529831373,"remaining_time":1.892610178},
{"learn":[0.05165820933],"iteration":447,"passed_time":1.533608607,"remaining_time":1.889624891},
{"learn":[0.05159480471],"iteration":448,"passed_time":1.536694814,"remaining_time":1.885788068},
{"learn":[0.05149712302],"iteration":449,"passed_time":1.539677721,"remaining_time":1.881828326},
{"learn":[0.05142427412],"iteration":450,"passed_time":1.543137186,"remaining_time":1.878453027},
{"learn":[0.05136109175],"iteration":451,"passed_time":1.546351076,"remaining_time":1.874779623},
{"learn":[0.05128216652],"iteration":452,"passed_time":1.549310407,"remaining_time":1.870800866},
{"learn":[0.05117459433],"iteration":453,"passed_time":1.552213266,"remaining_time":1.866758686},
{"learn":[0.05106722351],"iteration":454,"passed_time":1.555373656,"remaining_time":1.863029984},
{"learn":[0.050997527],"iteration":455,"passed_time":1.560009078,"remaining_time":1.861063461},
{"learn":[0.0508965261],"iteration":456,"passed_time":1.563206123,"remaining_time":1.857376203},
{"learn":[0.05085782254],"iteration":457,"passed_time":1.566166373,"remaining_time":1.853410861},
{"learn":[0.05076393789],"iteration":458,"passed_time":1.569254165,"remaining_time":1.849600225},
{"learn":[0.05067428479],"iteration":459,"passed_time":1.572584647,"remaining_time":1.84607763},
{"learn":[0.05057609118],"iteration":460,"passed_time":1.576281633,"remaining_time":1.842984382},
{"learn":[0.05052053344],"iteration":461,"passed_time":1.579938932,"remaining_time":1.839842306},
{"learn":[0.05044647164],"iteration":462,"passed_time":1.582911905,"remaining_time":1.835904304},
{"learn":[0.05038479584],"iteration":463,"passed_time":1.585905675,"remaining_time":1.831994487},
{"learn":[0.05030158725],"iteration":464,"passed_time":1.589085556,"remaining_time":1.828302737},
{"learn":[0.05015348196],"iteration":465,"passed_time":1.593302347,"remaining_time":1.825801402},
{"learn":[0.05005305385],"iteration":466,"passed_time":1.596350455,"remaining_time":1.82195887},
{"learn":[0.05000997287],"iteration":467,"passed_time":1.599319897,"remaining_time":1.81803031},
{"learn":[0.0499425855],"iteration":468,"passed_time":1.602443141,"remaining_time":1.814279974},
{"learn":[0.04985108515],"iteration":469,"passed_time":1.605524055,"remaining_time":1.810484572},
{"learn":[0.04975686517],"iteration":470,"passed_time":1.609539143,"remaining_time":1.807741415},
{"learn":[0.0496727072],"iteration":471,"passed_time":1.612726704,"remaining_time":1.80406716},
{"learn":[0.04954055556],"iteration":472,"passed_time":1.615850065,"remaining_time":1.800323434},
{"learn":[0.04945785566],"iteration":473,"passed_time":1.619274355,"remaining_time":1.796916268},
{"learn":[0.04935849712],"iteration":474,"passed_time":1.622904062,"remaining_time":1.793736068},
{"learn":[0.04928005397],"iteration":475,"passed_time":1.627254832,"remaining_time":1.791347756},
{"learn":[0.04919837107],"iteration":476,"passed_time":1.630790495,"remaining_time":1.788057503},
{"learn":[0.04914838858],"iteration":477,"passed_time":1.634475936,"remaining_time":1.784929788},
{"learn":[0.04907786029],"iteration":478,"passed_time":1.638095285,"remaining_time":1.781727857},
{"learn":[0.04899108376],"iteration":479,"passed_time":1.642262869,"remaining_time":1.779118108},
{"learn":[0.04893426044],"iteration":480,"passed_time":1.646293314,"remaining_time":1.776353908},
{"learn":[0.04881331615],"iteration":481,"passed_time":1.649534071,"remaining_time":1.772735785},
{"learn":[0.04871870438],"iteration":482,"passed_time":1.652430217,"remaining_time":1.768750357},
{"learn":[0.04862990907],"iteration":483,"passed_time":1.655596356,"remaining_time":1.765057272},
{"learn":[0.04854143026],"iteration":484,"passed_time":1.659213084,"remaining_time":1.761844821},
{"learn":[0.04850561986],"iteration":485,"passed_time":1.662265511,"remaining_time":1.758033894},
{"learn":[0.04839284284],"iteration":486,"passed_time":1.665276612,"remaining_time":1.75418255},
{"learn":[0.04830194817],"iteration":487,"passed_time":1.668233484,"remaining_time":1.750277754},
{"learn":[0.04820712951],"iteration":488,"passed_time":1.67115297,"remaining_time":1.746337766},
{"learn":[0.04816164521],"iteration":489,"passed_time":1.675414392,"remaining_time":1.743798653},
{"learn":[0.04809560718],"iteration":490,"passed_time":1.678549687,"remaining_time":1.740085114},
{"learn":[0.04802871772],"iteration":491,"passed_time":1.681645917,"remaining_time":1.736333589},
{"learn":[0.04793841214],"iteration":492,"passed_time":1.68458089,"remaining_time":1.732418887},
{"learn":[0.04790734821],"iteration":493,"passed_time":1.687603533,"remaining_time":1.728597951},
{"learn":[0.04785831515],"iteration":494,"passed_time":1.691281961,"remaining_time":1.725449273},
{"learn":[0.04777561001],"iteration":495,"passed_time":1.694495338,"remaining_time":1.721825908},
{"learn":[0.04774629721],"iteration":496,"passed_time":1.697427607,"remaining_time":1.717919691},
{"learn":[0.04770011958],"iteration":497,"passed_time":1.700388067,"remaining_time":1.714045802},
{"learn":[0.0475943874],"iteration":498,"passed_time":1.703440059,"remaining_time":1.710267474},
{"learn":[0.04755246676],"iteration":499,"passed_time":1.707447476,"remaining_time":1.707447476},
{"learn":[0.04747760951],"iteration":500,"passed_time":1.710619802,"remaining_time":1.70379098},
{"learn":[0.04737332344],"iteration":501,"passed_time":1.71373447,"remaining_time":1.700079215},
{"learn":[0.04731241248],"iteration":502,"passed_time":1.716822556,"remaining_time":1.696343559},
{"learn":[0.04721147186],"iteration":503,"passed_time":1.719968808,"remaining_time":1.692667716},
{"learn":[0.04713677883],"iteration":504,"passed_time":1.724190306,"remaining_time":1.690047924},
{"learn":[0.04705474165],"iteration":505,"passed_time":1.727285905,"remaining_time":1.686322603},
{"learn":[0.04700748268],"iteration":506,"passed_time":1.730265352,"remaining_time":1.682486821},
{"learn":[0.04689838945],"iteration":507,"passed_time":1.733381407,"remaining_time":1.678786717},
{"learn":[0.04684363711],"iteration":508,"passed_time":1.736324018,"remaining_time":1.674921597},
{"learn":[0.04672075669],"iteration":509,"passed_time":1.740691789,"remaining_time":1.672429366},
{"learn":[0.04663068821],"iteration":510,"passed_time":1.744505898,"remaining_time":1.669399969},
{"learn":[0.04650300356],"iteration":511,"passed_time":1.747638987,"remaining_time":1.66571841},
{"learn":[0.04642837187],"iteration":512,"passed_time":1.750635819,"remaining_time":1.661909637},
{"learn":[0.04638876813],"iteration":513,"passed_time":1.754310183,"remaining_time":1.658744648},
{"learn":[0.04633323323],"iteration":514,"passed_time":1.757693257,"remaining_time":1.655303358},
{"learn":[0.04624264106],"iteration":515,"passed_time":1.760802411,"remaining_time":1.651605362},
{"learn":[0.04618782915],"iteration":516,"passed_time":1.76372606,"remaining_time":1.647736338},
{"learn":[0.04611403076],"iteration":517,"passed_time":1.766727771,"remaining_time":1.643943602},
{"learn":[0.04599327141],"iteration":518,"passed_time":1.770840958,"remaining_time":1.641184009},
{"learn":[0.04591940162],"iteration":519,"passed_time":1.774247282,"remaining_time":1.637766721},
{"learn":[0.04587289643],"iteration":520,"passed_time":1.777226813,"remaining_time":1.633957089},
{"learn":[0.04578248125],"iteration":521,"passed_time":1.780283705,"remaining_time":1.630221477},
{"learn":[0.04573973555],"iteration":522,"passed_time":1.783344257,"remaining_time":1.626491799},
{"learn":[0.04567326058],"iteration":523,"passed_time":1.787766237,"remaining_time":1.62400139},
{"learn":[0.04558245363],"iteration":524,"passed_time":1.790925023,"remaining_time":1.620360735},
{"learn":[0.04547287885],"iteration":525,"passed_time":1.794020629,"remaining_time":1.616664977},
{"learn":[0.04537940111],"iteration":526,"passed_time":1.797024611,"remaining_time":1.612889262},
{"learn":[0.04532788186],"iteration":527,"passed_time":1.80015746,"remaining_time":1.609231669},
{"learn":[0.04527360883],"iteration":528,"passed_time":1.804812477,"remaining_time":1.606931336},
{"learn":[0.04520703204],"iteration":529,"passed_time":1.807734971,"remaining_time":1.603085729},
{"learn":[0.0451331646],"iteration":530,"passed_time":1.810676971,"remaining_time":1.599260828},
{"learn":[0.04506652406],"iteration":531,"passed_time":1.813733949,"remaining_time":1.595540391},
{"learn":[0.04501014138],"iteration":532,"passed_time":1.816743374,"remaining_time":1.59178078},
{"learn":[0.04496926423],"iteration":533,"passed_time":1.821035134,"remaining_time":1.58914302},
{"learn":[0.0449170065],"iteration":534,"passed_time":1.824233968,"remaining_time":1.58554915},
{"learn":[0.04481730121],"iteration":535,"passed_time":1.827295024,"remaining_time":1.581837484},
{"learn":[0.04475584791],"iteration":536,"passed_time":1.830247256,"remaining_time":1.578034413},
{"learn":[0.04470099815],"iteration":537,"passed_time":1.833475371,"remaining_time":1.574471415},
{"learn":[0.04463384128],"iteration":538,"passed_time":1.837662357,"remaining_time":1.571729771},
{"learn":[0.04455196991],"iteration":539,"passed_time":1.841326034,"remaining_time":1.568536992},
{"learn":[0.04448541178],"iteration":540,"passed_time":1.844875318,"remaining_time":1.565245418},
{"learn":[0.04440514869],"iteration":541,"passed_time":1.848605557,"remaining_time":1.562105803},
{"learn":[0.04435090933],"iteration":542,"passed_time":1.852787294,"remaining_time":1.559344002},
{"learn":[0.04429789723],"iteration":543,"passed_time":1.855809134,"remaining_time":1.555604715},
{"learn":[0.04423089069],"iteration":544,"passed_time":1.858798795,"remaining_time":1.551841196},
{"learn":[0.04416658201],"iteration":545,"passed_time":1.861835431,"remaining_time":1.548119571},
{"learn":[0.04411320132],"iteration":546,"passed_time":1.865374823,"remaining_time":1.544816809},
{"learn":[0.04407493863],"iteration":547,"passed_time":1.869881934,"remaining_time":1.542311376},
{"learn":[0.04401887221],"iteration":548,"passed_time":1.872936767,"remaining_time":1.538605614},
{"learn":[0.04396708538],"iteration":549,"passed_time":1.875970294,"remaining_time":1.534884786},
{"learn":[0.04389619092],"iteration":550,"passed_time":1.879087231,"remaining_time":1.531234422},
{"learn":[0.04382084405],"iteration":551,"passed_time":1.882323976,"remaining_time":1.527683227},
{"learn":[0.04373574807],"iteration":552,"passed_time":1.886458128,"remaining_time":1.524858559},
{"learn":[0.04370138072],"iteration":553,"passed_time":1.889363123,"remaining_time":1.521039626},
{"learn":[0.0436488288],"iteration":554,"passed_time":1.892301182,"remaining_time":1.517250497},
{"learn":[0.04358846043],"iteration":555,"passed_time":1.895417934,"remaining_time":1.513607127},
{"learn":[0.04351978952],"iteration":556,"passed_time":1.898545701,"remaining_time":1.509974408},
{"learn":[0.04348555743],"iteration":557,"passed_time":1.902006352,"remaining_time":1.506607182},
{"learn":[0.04339175959],"iteration":558,"passed_time":1.905092219,"remaining_time":1.502943951},
{"learn":[0.04334202197],"iteration":559,"passed_time":1.908082681,"remaining_time":1.499207821},
{"learn":[0.04328013037],"iteration":560,"passed_time":1.911265566,"remaining_time":1.495624926},
{"learn":[0.04321888379],"iteration":561,"passed_time":1.914253864,"remaining_time":1.491891802},
{"learn":[0.04313252958],"iteration":562,"passed_time":1.918597703,"remaining_time":1.489213492},
{"learn":[0.04304626191],"iteration":563,"passed_time":1.921649416,"remaining_time":1.485530399},
{"learn":[0.04297125079],"iteration":564,"passed_time":1.924807973,"remaining_time":1.481931802},
{"learn":[0.04294256416],"iteration":565,"passed_time":1.928094921,"remaining_time":1.478433208},
{"learn":[0.04286311877],"iteration":566,"passed_time":1.9314151,"remaining_time":1.474960738},
{"learn":[0.04280619721],"iteration":567,"passed_time":1.934850807,"remaining_time":1.47157667},
{"learn":[0.04273067023],"iteration":568,"passed_time":1.93803254,"remaining_time":1.468000044},
{"learn":[0.04269888689],"iteration":569,"passed_time":1.941227196,"remaining_time":1.464434551},
{"learn":[0.04261332755],"iteration":570,"passed_time":1.944335451,"remaining_time":1.460805444},
{"learn":[0.04254499934],"iteration":571,"passed_time":1.947450461,"remaining_time":1.457183212},
{"learn":[0.04248320299],"iteration":572,"passed_time":1.951280798,"remaining_time":1.454095813},
{"learn":[0.04240407415],"iteration":573,"passed_time":1.955446724,"remaining_time":1.451254886},
{"learn":[0.04230720245],"iteration":574,"passed_time":1.958552529,"remaining_time":1.447625782},
{"learn":[0.04227374298],"iteration":575,"passed_time":1.961536688,"remaining_time":1.443908951},
{"learn":[0.04220656303],"iteration":576,"passed_time":1.965547001,"remaining_time":1.440946935},
{"learn":[0.04215785006],"iteration":577,"passed_time":1.968908701,"remaining_time":1.437507736},
{"learn":[0.04206997759],"iteration":578,"passed_time":1.97211351,"remaining_time":1.433954728},
{"learn":[0.04203003098],"iteration":579,"passed_time":1.975192573,"remaining_time":1.430311864},
{"learn":[0.0419762438],"iteration":580,"passed_time":1.978198787,"remaining_time":1.426618402},
{"learn":[0.04192498778],"iteration":581,"passed_time":1.982088212,"remaining_time":1.423561637},
{"learn":[0.04188523683],"iteration":582,"passed_time":1.985196616,"remaining_time":1.419943377},
{"learn":[0.0418510311],"iteration":583,"passed_time":1.988314083,"remaining_time":1.416333319},
{"learn":[0.04179719871],"iteration":584,"passed_time":1.991348557,"remaining_time":1.41266607},
{"learn":[0.04172519366],"iteration":585,"passed_time":1.994481535,"remaining_time":1.409070572},
{"learn":[0.04167755856],"iteration":586,"passed_time":1.99845928,"remaining_time":1.406071009},
{"learn":[0.04160206148],"iteration":587,"passed_time":2.001896187,"remaining_time":1.402689165},
{"learn":[0.04152106803],"iteration":588,"passed_time":2.005160241,"remaining_time":1.399186518},
{"learn":[0.04145622736],"iteration":589,"passed_time":2.008319527,"remaining_time":1.395611875},
{"learn":[0.04138641878],"iteration":590,"passed_time":2.011393903,"remaining_time":1.391979876},
{"learn":[0.04134357901],"iteration":591,"passed_time":2.015825205,"remaining_time":1.389284939},
{"learn":[0.04129238374],"iteration":592,"passed_time":2.019072256,"remaining_time":1.385771346},
{"learn":[0.04123191989],"iteration":593,"passed_time":2.022096231,"remaining_time":1.382106178},
{"learn":[0.04119472341],"iteration":594,"passed_time":2.025120858,"remaining_time":1.378443609},
{"learn":[0.04113965163],"iteration":595,"passed_time":2.028289051,"remaining_time":1.374880498},
{"learn":[0.04111268635],"iteration":596,"passed_time":2.032506934,"remaining_time":1.372027294},
{"learn":[0.04107831864],"iteration":597,"passed_time":2.035580653,"remaining_time":1.368400372},
{"learn":[0.04105239709],"iteration":598,"passed_time":2.038555493,"remaining_time":1.364709103},
{"learn":[0.04099942737],"iteration":599,"passed_time":2.041621548,"remaining_time":1.361081032},
{"learn":[0.04092593406],"iteration":600,"passed_time":2.044858805,"remaining_time":1.357568491},
{"learn":[0.04085607603],"iteration":601,"passed_time":2.049126447,"remaining_time":1.354738083},
{"learn":[0.04081209094],"iteration":602,"passed_time":2.052974694,"remaining_time":1.351626789},
{"learn":[0.04077194432],"iteration":603,"passed_time":2.056198579,"remaining_time":1.348103704},
{"learn":[0.04068354468],"iteration":604,"passed_time":2.059194103,"remaining_time":1.344432514},
{"learn":[0.04063710341],"iteration":605,"passed_time":2.063350877,"remaining_time":1.341518557},
{"learn":[0.04058109315],"iteration":606,"passed_time":2.066408995,"remaining_time":1.337889184},
{"learn":[0.04052756566],"iteration":607,"passed_time":2.069417929,"remaining_time":1.334229981},
{"learn":[0.04047280279],"iteration":608,"passed_time":2.072450544,"remaining_time":1.330588116},
{"learn":[0.04040658346],"iteration":609,"passed_time":2.075493548,"remaining_time":1.326954891},
{"learn":[0.04034734841],"iteration":610,"passed_time":2.080084782,"remaining_time":1.324309297},
{"learn":[0.04028280969],"iteration":611,"passed_time":2.083104002,"remaining_time":1.320660707},
{"learn":[0.04021767978],"iteration":612,"passed_time":2.086237429,"remaining_time":1.317086272},
{"learn":[0.04016608883],"iteration":613,"passed_time":2.089217508,"remaining_time":1.31341687},
{"learn":[0.0401386981],"iteration":614,"passed_time":2.092176063,"remaining_time":1.309736235},
{"learn":[0.04006251493],"iteration":615,"passed_time":2.096402473,"remaining_time":1.306848295},
{"learn":[0.03999728283],"iteration":616,"passed_time":2.099487455,"remaining_time":1.30324748},
{"learn":[0.03992520619],"iteration":617,"passed_time":2.10252639,"remaining_time":1.299619872},
{"learn":[0.03985108765],"iteration":618,"passed_time":2.105661631,"remaining_time":1.296053443},
{"learn":[0.03976356917],"iteration":619,"passed_time":2.108624132,"remaining_time":1.292382533},
{"learn":[0.0397180585],"iteration":620,"passed_time":2.1127542,"remaining_time":1.289426477},
{"learn":[0.03962335256],"iteration":621,"passed_time":2.115871713,"remaining_time":1.285851298},
{"learn":[0.0395805653],"iteration":622,"passed_time":2.118824468,"remaining_time":1.282177888},
{"learn":[0.03953240598],"iteration":623,"passed_time":2.121858304,"remaining_time":1.278555645},
{"learn":[0.03947409835],"iteration":624,"passed_time":2.125219858,"remaining_time":1.275131915},
{"learn":[0.03942652294],"iteration":625,"passed_time":2.129388588,"remaining_time":1.272190626},
{"learn":[0.03936618482],"iteration":626,"passed_time":2.132394943,"remaining_time":1.26855393},
{"learn":[0.03933809728],"iteration":627,"passed_time":2.135399858,"remaining_time":1.264918387},
{"learn":[0.03930932389],"iteration":628,"passed_time":2.138387346,"remaining_time":1.261274572},
{"learn":[0.03926666847],"iteration":629,"passed_time":2.141901991,"remaining_time":1.257942439},
{"learn":[0.03921725058],"iteration":630,"passed_time":2.145872744,"remaining_time":1.254876454},
{"learn":[0.03915488551],"iteration":631,"passed_time":2.150052401,"remaining_time":1.251929246},
{"learn":[0.03911124652],"iteration":632,"passed_time":2.153137167,"remaining_time":1.24834335},
{"learn":[0.03905673557],"iteration":633,"passed_time":2.156223604,"remaining_time":1.244759998},
{"learn":[0.0390285123],"iteration":634,"passed_time":2.160064083,"remaining_time":1.241611638},
{"learn":[0.03898528063],"iteration":635,"passed_time":2.163156141,"remaining_time":1.23803276},
{"learn":[0.03890499529],"iteration":636,"passed_time":2.16621142,"remaining_time":1.234434451},
{"learn":[0.03883396957],"iteration":637,"passed_time":2.169196105,"remaining_time":1.23079779},
{"learn":[0.03879349156],"iteration":638,"passed_time":2.172312913,"remaining_time":1.227237811},
{"learn":[0.03871923728],"iteration":639,"passed_time":2.176603602,"remaining_time":1.224339526},
{"learn":[0.0386710895],"iteration":640,"passed_time":2.179717325,"remaining_time":1.220777722},
{"learn":[0.03860404953],"iteration":641,"passed_time":2.182801563,"remaining_time":1.217200872},
{"learn":[0.03857684703],"iteration":642,"passed_time":2.186465966,"remaining_time":1.213947667},
{"learn":[0.038503418],"iteration":643,"passed_time":2.189721238,"remaining_time":1.21046702},
{"learn":[0.03846544514],"iteration":644,"passed_time":2.193091898,"remaining_time":1.20705058},
{"learn":[0.03838420706],"iteration":645,"passed_time":2.196104195,"remaining_time":1.203437903},
{"learn":[0.03833715928],"iteration":646,"passed_time":2.198976246,"remaining_time":1.199750564},
{"learn":[0.03826715799],"iteration":647,"passed_time":2.202321715,"remaining_time":1.196322907},
{"learn":[0.03823072212],"iteration":648,"passed_time":2.20531177,"remaining_time":1.192703284},
{"learn":[0.03817264417],"iteration":649,"passed_time":2.20945014,"remaining_time":1.189703922},
{"learn":[0.03810012254],"iteration":650,"passed_time":2.212502938,"remaining_time":1.186119087},
{"learn":[0.03802564282],"iteration":651,"passed_time":2.215589824,"remaining_time":1.182554078},
{"learn":[0.03797680165],"iteration":652,"passed_time":2.219107741,"remaining_time":1.179219581},
{"learn":[0.0379359846],"iteration":653,"passed_time":2.222943937,"remaining_time":1.176052909},
{"learn":[0.03787768816],"iteration":654,"passed_time":2.226841862,"remaining_time":1.172916706},
{"learn":[0.03783180419],"iteration":655,"passed_time":2.229935976,"remaining_time":1.16935667},
{"learn":[0.03778442114],"iteration":656,"passed_time":2.233033421,"remaining_time":1.165799792},
{"learn":[0.03775789308],"iteration":657,"passed_time":2.236031642,"remaining_time":1.162192738},
{"learn":[0.03770583112],"iteration":658,"passed_time":2.239841891,"remaining_time":1.159007716},
{"learn":[0.03766020379],"iteration":659,"passed_time":2.243120698,"remaining_time":1.155547026},
{"learn":[0.03760725221],"iteration":660,"passed_time":2.24622804,"remaining_time":1.151998949},
{"learn":[0.03756142875],"iteration":661,"passed_time":2.249365909,"remaining_time":1.148467791},
{"learn":[0.03750596884],"iteration":662,"passed_time":2.252416716,"remaining_time":1.144893565},
{"learn":[0.03746427405],"iteration":663,"passed_time":2.255675711,"remaining_time":1.141426264},
{"learn":[0.03741818677],"iteration":664,"passed_time":2.259208958,"remaining_time":1.138097746},
{"learn":[0.03736766947],"iteration":665,"passed_time":2.263094346,"remaining_time":1.134945212},
{"learn":[0.03733182892],"iteration":666,"passed_time":2.266147043,"remaining_time":1.13137476},
{"learn":[0.0372764898],"iteration":667,"passed_time":2.269181354,"remaining_time":1.127796721},
{"learn":[0.03723761294],"iteration":668,"passed_time":2.273121511,"remaining_time":1.12466849},
{"learn":[0.03716238698],"iteration":669,"passed_time":2.276358725,"remaining_time":1.121191611},
{"learn":[0.03707909899],"iteration":670,"passed_time":2.279458381,"remaining_time":1.117647999},
{"learn":[0.03702684868],"iteration":671,"passed_time":2.282442646,"remaining_time":1.114049387},
{"learn":[0.03697214608],"iteration":672,"passed_time":2.285553485,"remaining_time":1.110514101},
{"learn":[0.03689969285],"iteration":673,"passed_time":2.289481259,"remaining_time":1.107375209},
{"learn":[0.03687181203],"iteration":674,"passed_time":2.292632136,"remaining_time":1.103859918},
{"learn":[0.03677364691],"iteration":675,"passed_time":2.295699128,"remaining_time":1.100305499},
{"learn":[0.03669860578],"iteration":676,"passed_time":2.298650066,"remaining_time":1.096697151},
{"learn":[0.03666203076],"iteration":677,"passed_time":2.30157346,"remaining_time":1.093077661},
{"learn":[0.0366222346],"iteration":678,"passed_time":2.306026533,"remaining_time":1.090183383},
{"learn":[0.03659545426],"iteration":679,"passed_time":2.309345588,"remaining_time":1.086750865},
{"learn":[0.0365819413],"iteration":680,"passed_time":2.312238671,"remaining_time":1.083119142},
{"learn":[0.03655939122],"iteration":681,"passed_time":2.315245963,"remaining_time":1.079542839},
{"learn":[0.03651316456],"iteration":682,"passed_time":2.318170818,"remaining_time":1.07592994},
{"learn":[0.03646873507],"iteration":683,"passed_time":2.322332352,"remaining_time":1.072890385},
{"learn":[0.03641993145],"iteration":684,"passed_time":2.325550377,"remaining_time":1.069413677},
{"learn":[0.03638200391],"iteration":685,"passed_time":2.328588117,"remaining_time":1.065855202},
{"learn":[0.0363094598],"iteration":686,"passed_time":2.331747358,"remaining_time":1.0623536},
{"learn":[0.03626030231],"iteration":687,"passed_time":2.334803867,"remaining_time":1.058806405},
{"learn":[0.03623491557],"iteration":688,"passed_time":2.339003611,"remaining_time":1.055776666},
{"learn":[0.03621162336],"iteration":689,"passed_time":2.342129415,"remaining_time":1.052261041},
{"learn":[0.03614841869],"iteration":690,"passed_time":2.34513962,"remaining_time":1.048694852},
{"learn":[0.03610556727],"iteration":691,"passed_time":2.348124026,"remaining_time":1.045118786},
{"learn":[0.03604378999],"iteration":692,"passed_time":2.351246922,"remaining_time":1.041605779},
{"learn":[0.03600282602],"iteration":693,"passed_time":2.355496596,"remaining_time":1.038590718},
{"learn":[0.0359758306],"iteration":694,"passed_time":2.359331355,"remaining_time":1.035390019},
{"learn":[0.03595307721],"iteration":695,"passed_time":2.362419002,"remaining_time":1.031861173},
{"learn":[0.03591957229],"iteration":696,"passed_time":2.365498301,"remaining_time":1.028329964},
{"learn":[0.03586071466],"iteration":697,"passed_time":2.369012426,"remaining_time":1.024988184},
{"learn":[0.03579582548],"iteration":698,"passed_time":2.372631004,"remaining_time":1.02169089},
{"learn":[0.03575559611],"iteration":699,"passed_time":2.37572657,"remaining_time":1.01816853},
{"learn":[0.0357084352],"iteration":700,"passed_time":2.378583036,"remaining_time":1.014545404},
{"learn":[0.03565727006],"iteration":701,"passed_time":2.381656071,"remaining_time":1.011016395},
{"learn":[0.03559918834],"iteration":702,"passed_time":2.385121633,"remaining_time":1.007654516},
{"learn":[0.03552199205],"iteration":703,"passed_time":2.388600644,"remaining_time":1.004297998},
{"learn":[0.03549940053],"iteration":704,"passed_time":2.391658836,"remaining_time":1.000765045},
{"learn":[0.03546058029],"iteration":705,"passed_time":2.394661687,"remaining_time":0.997210391},
{"learn":[0.03542243426],"iteration":706,"passed_time":2.397646666,"remaining_time":0.9936498914},
{"learn":[0.03540198989],"iteration":707,"passed_time":2.40151455,"remaining_time":0.9904551535},
{"learn":[0.03535822694],"iteration":708,"passed_time":2.405178513,"remaining_time":0.9871748199},
{"learn":[0.03531033156],"iteration":709,"passed_time":2.408180728,"remaining_time":0.9836231141},
{"learn":[0.03527680404],"iteration":710,"passed_time":2.411191512,"remaining_time":0.9800764373},
{"learn":[0.03520914237],"iteration":711,"passed_time":2.414355748,"remaining_time":0.9765933363},
{"learn":[0.03517512524],"iteration":712,"passed_time":2.418842558,"remaining_time":0.9736434981},
{"learn":[0.03512936206],"iteration":713,"passed_time":2.422130772,"remaining_time":0.9702092446},
{"learn":[0.03503032414],"iteration":714,"passed_time":2.425065129,"remaining_time":0.9666343523},
{"learn":[0.0349930708],"iteration":715,"passed_time":2.428096116,"remaining_time":0.9630995768},
{"learn":[0.03496193165],"iteration":716,"passed_time":2.431172083,"remaining_time":0.9595839603},
{"learn":[0.03490995646],"iteration":717,"passed_time":2.435401563,"remaining_time":0.9565226193},
{"learn":[0.03486498049],"iteration":718,"passed_time":2.438451608,"remaining_time":0.9529970817},
{"learn":[0.0348064659],"iteration":719,"passed_time":2.441567088,"remaining_time":0.9494983119},
{"learn":[0.03478182117],"iteration":720,"passed_time":2.444447085,"remaining_time":0.9459094821},
{"learn":[0.03471227617],"iteration":721,"passed_time":2.447884732,"remaining_time":0.9425373345},
{"learn":[0.034675279],"iteration":722,"passed_time":2.45194739,"remaining_time":0.9394044635},
{"learn":[0.03463984907],"iteration":723,"passed_time":2.45567254,"remaining_time":0.9361403607},
{"learn":[0.03460240008],"iteration":724,"passed_time":2.458909435,"remaining_time":0.9326897858},
{"learn":[0.0345541613],"iteration":725,"passed_time":2.461923107,"remaining_time":0.9291555528},
{"learn":[0.03447036157],"iteration":726,"passed_time":2.465222857,"remaining_time":0.9257301786},
{"learn":[0.03438845282],"iteration":727,"passed_time":2.468658836,"remaining_time":0.9223560487},
{"learn":[0.03433884316],"iteration":728,"passed_time":2.471672539,"remaining_time":0.9188247711},
{"learn":[0.03428076921],"iteration":729,"passed_time":2.474756511,"remaining_time":0.9153209013},
{"learn":[0.03423144961],"iteration":730,"passed_time":2.477935204,"remaining_time":0.9118530366},
{"learn":[0.03419807242],"iteration":731,"passed_time":2.482184483,"remaining_time":0.9087779256},
{"learn":[0.03416300414],"iteration":732,"passed_time":2.485713499,"remaining_time":0.9054372501},
{"learn":[0.03410581877],"iteration":733,"passed_time":2.488692593,"remaining_time":0.9018967707},
{"learn":[0.03406438414],"iteration":734,"passed_time":2.49161628,"remaining_time":0.8983378425},
{"learn":[0.03401200599],"iteration":735,"passed_time":2.495948221,"remaining_time":0.895285775},
{"learn":[0.03399035248],"iteration":736,"passed_time":2.500000286,"remaining_time":0.8921303599},
{"learn":[0.03394477365],"iteration":737,"passed_time":2.503226149,"remaining_time":0.8886792021},
{"learn":[0.03391665209],"iteration":738,"passed_time":2.506243951,"remaining_time":0.8851551706},
{"learn":[0.03384315525],"iteration":739,"passed_time":2.509350698,"remaining_time":0.8816637588},
{"learn":[0.03381209132],"iteration":740,"passed_time":2.512320972,"remaining_time":0.8781256838},
{"learn":[0.0337606321],"iteration":741,"passed_time":2.516658251,"remaining_time":0.8750644592},
{"learn":[0.03368496539],"iteration":742,"passed_time":2.519826553,"remaining_time":0.8715954565},
{"learn":[0.03363190138],"iteration":743,"passed_time":2.522928575,"remaining_time":0.868104456},
{"learn":[0.03361014993],"iteration":744,"passed_time":2.526024915,"remaining_time":0.8646125548},
{"learn":[0.03358358431],"iteration":745,"passed_time":2.529023491,"remaining_time":0.8610884273},
{"learn":[0.03352045463],"iteration":746,"passed_time":2.53296142,"remaining_time":0.8578838545},
{"learn":[0.03346596699],"iteration":747,"passed_time":2.535959732,"remaining_time":0.8543607655},
{"learn":[0.03344895825],"iteration":748,"passed_time":2.538962923,"remaining_time":0.8508407124},
{"learn":[0.03341007009],"iteration":749,"passed_time":2.5422131,"remaining_time":0.8474043665},
{"learn":[0.03338122889],"iteration":750,"passed_time":2.545280622,"remaining_time":0.843907956},
{"learn":[0.03334280715],"iteration":751,"passed_time":2.549741429,"remaining_time":0.8408721735},
{"learn":[0.03326820241],"iteration":752,"passed_time":2.552772737,"remaining_time":0.8373637},
{"learn":[0.0332271671],"iteration":753,"passed_time":2.556050488,"remaining_time":0.8339368966},
{"learn":[0.03320229647],"iteration":754,"passed_time":2.559296757,"remaining_time":0.8305002722},
{"learn":[0.0331553351],"iteration":755,"passed_time":2.563005368,"remaining_time":0.8272133729},
{"learn":[0.03311090548],"iteration":756,"passed_time":2.56689757,"remaining_time":0.8239842927},
{"learn":[0.03306629493],"iteration":757,"passed_time":2.570676738,"remaining_time":0.8207173755},
{"learn":[0.03302536863],"iteration":758,"passed_time":2.573658532,"remaining_time":0.817195924},
{"learn":[0.03297877279],"iteration":759,"passed_time":2.576685686,"remaining_time":0.8136902167},
{"learn":[0.03294674836],"iteration":760,"passed_time":2.580442398,"remaining_time":0.8104148924},
{"learn":[0.03290481259],"iteration":761,"passed_time":2.583512503,"remaining_time":0.8069238526},
{"learn":[0.03285573821],"iteration":762,"passed_time":2.586604631,"remaining_time":0.8034407568},
{"learn":[0.03282167941],"iteration":763,"passed_time":2.589602413,"remaining_time":0.799929541},
{"learn":[0.03277763769],"iteration":764,"passed_time":2.59258903,"remaining_time":0.7964162379},
{"learn":[0.03273738206],"iteration":765,"passed_time":2.596999171,"remaining_time":0.7933391723},
{"learn":[0.03271736726],"iteration":766,"passed_time":2.600077232,"remaining_time":0.78985397},
{"learn":[0.03269628636],"iteration":767,"passed_time":2.603215545,"remaining_time":0.7863880292},
{"learn":[0.03265726989],"iteration":768,"passed_time":2.606172943,"remaining_time":0.7828685953},
{"learn":[0.03262879398],"iteration":769,"passed_time":2.609235948,"remaining_time":0.7793821661},
{"learn":[0.03259847971],"iteration":770,"passed_time":2.613544885,"remaining_time":0.7762668983},
{"learn":[0.03255625375],"iteration":771,"passed_time":2.616650134,"remaining_time":0.7727930447},
{"learn":[0.03248473053],"iteration":772,"passed_time":2.619787176,"remaining_time":0.7693294811},
{"learn":[0.03246268148],"iteration":773,"passed_time":2.622747086,"remaining_time":0.7658150407},
{"learn":[0.03239034114],"iteration":774,"passed_time":2.625907042,"remaining_time":0.7623601089},
{"learn":[0.03231911953],"iteration":775,"passed_time":2.629954616,"remaining_time":0.7591621571},
{"learn":[0.03227929312],"iteration":776,"passed_time":2.633100406,"remaining_time":0.7557032055},
{"learn":[0.0322177607],"iteration":777,"passed_time":2.6360962,"remaining_time":0.7522022575},
{"learn":[0.03215628114],"iteration":778,"passed_time":2.639201955,"remaining_time":0.7487338023},
{"learn":[0.03212078706],"iteration":779,"passed_time":2.642189806,"remaining_time":0.7452330221},
{"learn":[0.03208528556],"iteration":780,"passed_time":2.646513401,"remaining_time":0.7421081111},
{"learn":[0.03205581889],"iteration":781,"passed_time":2.649781048,"remaining_time":0.7386857653},
{"learn":[0.03203084666],"iteration":782,"passed_time":2.652701842,"remaining_time":0.735167688},
{"learn":[0.0319779371],"iteration":783,"passed_time":2.6556481,"remaining_time":0.7316581501},
{"learn":[0.03194331287],"iteration":784,"passed_time":2.658724641,"remaining_time":0.7281857298},
{"learn":[0.0318865686],"iteration":785,"passed_time":2.662960168,"remaining_time":0.7250298675},
{"learn":[0.03184727724],"iteration":786,"passed_time":2.666815023,"remaining_time":0.7217682338},
{"learn":[0.03181749437],"iteration":787,"passed_time":2.669873602,"remaining_time":0.7182908675},
{"learn":[0.03179717055],"iteration":788,"passed_time":2.67276024,"remaining_time":0.7147685814},
{"learn":[0.03176991166],"iteration":789,"passed_time":2.676368115,"remaining_time":0.7114396255},
{"learn":[0.03173253801],"iteration":790,"passed_time":2.679892454,"remaining_time":0.7080878923},
{"learn":[0.03168785212],"iteration":791,"passed_time":2.682949677,"remaining_time":0.7046130464},
{"learn":[0.03165769595],"iteration":792,"passed_time":2.685923896,"remaining_time":0.701117587},
{"learn":[0.03160680204],"iteration":793,"passed_time":2.688970929,"remaining_time":0.6976423318},
{"learn":[0.03156883683],"iteration":794,"passed_time":2.692810368,"remaining_time":0.6943724849},
{"learn":[0.03153234446],"iteration":795,"passed_time":2.696701909,"remaining_time":0.6911145595},
{"learn":[0.03148111904],"iteration":796,"passed_time":2.699721952,"remaining_time":0.6876330694},
{"learn":[0.03144320269],"iteration":797,"passed_time":2.702713441,"remaining_time":0.6841455077},
{"learn":[0.03142618277],"iteration":798,"passed_time":2.705765109,"remaining_time":0.6806743266},
{"learn":[0.03138749427],"iteration":799,"passed_time":2.710326627,"remaining_time":0.6775816566},
{"learn":[0.03135203809],"iteration":800,"passed_time":2.713603092,"remaining_time":0.6741660616},
{"learn":[0.03130054886],"iteration":801,"passed_time":2.716657006,"remaining_time":0.6706958693},
{"learn":[0.03124163048],"iteration":802,"passed_time":2.719818417,"remaining_time":0.6672530862},
{"learn":[0.03122217334],"iteration":803,"passed_time":2.722748881,"remaining_time":0.6637547023},
{"learn":[0.03118990192],"iteration":804,"passed_time":2.72701008,"remaining_time":0.6605800816},
{"learn":[0.03115267672],"iteration":805,"passed_time":2.730069693,"remaining_time":0.6571135489},
{"learn":[0.03110303362],"iteration":806,"passed_time":2.733049016,"remaining_time":0.6536288228},
{"learn":[0.03107430155],"iteration":807,"passed_time":2.736065755,"remaining_time":0.6501542388},
{"learn":[0.03102137327],"iteration":808,"passed_time":2.739133986,"remaining_time":0.6466929435},
{"learn":[0.03098439317],"iteration":809,"passed_time":2.743289081,"remaining_time":0.6434875623},
{"learn":[0.03094178108],"iteration":810,"passed_time":2.746397293,"remaining_time":0.6400358672},
{"learn":[0.03090747376],"iteration":811,"passed_time":2.749435196,"remaining_time":0.63656874},
{"learn":[0.03087557341],"iteration":812,"passed_time":2.75241237,"remaining_time":0.6330887002},
{"learn":[0.03081943518],"iteration":813,"passed_time":2.755816985,"remaining_time":0.6297075665},
{"learn":[0.03078393356],"iteration":814,"passed_time":2.759955687,"remaining_time":0.6264930087},
{"learn":[0.03076477578],"iteration":815,"passed_time":2.763717924,"remaining_time":0.6231912966},
{"learn":[0.03072202078],"iteration":816,"passed_time":2.766827877,"remaining_time":0.6197423519},
{"learn":[0.03067489766],"iteration":817,"passed_time":2.769949299,"remaining_time":0.6162967878},
{"learn":[0.03065755187],"iteration":818,"passed_time":2.773565413,"remaining_time":0.6129613428},
{"learn":[0.03061885019],"iteration":819,"passed_time":2.776962682,"remaining_time":0.6095771741},
{"learn":[0.03055576194],"iteration":820,"passed_time":2.779942142,"remaining_time":0.6061018799},
{"learn":[0.03052181415],"iteration":821,"passed_time":2.783007458,"remaining_time":0.6026463838},
{"learn":[0.03047347601],"iteration":822,"passed_time":2.786096244,"remaining_time":0.5991968836},
{"learn":[0.03042845496],"iteration":823,"passed_time":2.789588608,"remaining_time":0.59583446},
{"learn":[0.03036674925],"iteration":824,"passed_time":2.793182454,"remaining_time":0.5924932479},
{"learn":[0.03031399638],"iteration":825,"passed_time":2.796242811,"remaining_time":0.5890390424},
{"learn":[0.03025974031],"iteration":826,"passed_time":2.799230758,"remaining_time":0.5855706422},
{"learn":[0.03021267181],"iteration":827,"passed_time":2.802387448,"remaining_time":0.5821384553},
{"learn":[0.03017666351],"iteration":828,"passed_time":2.805946144,"remaining_time":0.578789856},
{"learn":[0.03015501201],"iteration":829,"passed_time":2.809295637,"remaining_time":0.5753979015},
{"learn":[0.03012087045],"iteration":830,"passed_time":2.812275264,"remaining_time":0.5719308299},
{"learn":[0.03008719412],"iteration":831,"passed_time":2.815671508,"remaining_time":0.5685490544},
{"learn":[0.03005585519],"iteration":832,"passed_time":2.835974209,"remaining_time":0.5685566541},
{"learn":[0.03003803675],"iteration":833,"passed_time":2.842683246,"remaining_time":0.5658098547},
{"learn":[0.02997759115],"iteration":834,"passed_time":2.848709187,"remaining_time":0.5629185819},
{"learn":[0.02994460033],"iteration":835,"passed_time":2.855003692,"remaining_time":0.5600724946},
{"learn":[0.02990829066],"iteration":836,"passed_time":2.857999004,"remaining_time":0.5565756722},
{"learn":[0.02988989597],"iteration":837,"passed_time":2.860900661,"remaining_time":0.5530619416},
{"learn":[0.02985453185],"iteration":838,"passed_time":2.864006515,"remaining_time":0.5495888544},
{"learn":[0.02984263158],"iteration":839,"passed_time":2.866883528,"remaining_time":0.5460730529},
{"learn":[0.02978817373],"iteration":840,"passed_time":2.870326219,"remaining_time":0.5426657179},
{"learn":[0.02977665382],"iteration":841,"passed_time":2.873934631,"remaining_time":0.5392893964},
{"learn":[0.02973914067],"iteration":842,"passed_time":2.878180852,"remaining_time":0.5360313092},
{"learn":[0.02971300804],"iteration":843,"passed_time":2.881546436,"remaining_time":0.5326081089},
{"learn":[0.02966661763],"iteration":844,"passed_time":2.884534187,"remaining_time":0.5291157385},
{"learn":[0.02963290375],"iteration":845,"passed_time":2.888689163,"remaining_time":0.5258370344},
{"learn":[0.02958697682],"iteration":846,"passed_time":2.891730496,"remaining_time":0.5223550954},
{"learn":[0.02957345279],"iteration":847,"passed_time":2.894958472,"remaining_time":0.5189076506},
{"learn":[0.0295162806],"iteration":848,"passed_time":2.898002405,"remaining_time":0.5154279896},
{"learn":[0.02946540553],"iteration":849,"passed_time":2.901081012,"remaining_time":0.5119554727},
{"learn":[0.02942237364],"iteration":850,"passed_time":2.905031442,"remaining_time":0.5086365274},
{"learn":[0.0294085632],"iteration":851,"passed_time":2.908089894,"remaining_time":0.5051611552},
{"learn":[0.02939775917],"iteration":852,"passed_time":2.9111442,"remaining_time":0.5016860463},
{"learn":[0.02935065677],"iteration":853,"passed_time":2.914239924,"remaining_time":0.4982190034},
{"learn":[0.02931096598],"iteration":854,"passed_time":2.917195045,"remaining_time":0.4947289842},
{"learn":[0.02927276344],"iteration":855,"passed_time":2.921224075,"remaining_time":0.4914208724},
{"learn":[0.02922585693],"iteration":856,"passed_time":2.924371765,"remaining_time":0.4879640168},
{"learn":[0.02919896734],"iteration":857,"passed_time":2.927335311,"remaining_time":0.4844774058},
{"learn":[0.02915667169],"iteration":858,"passed_time":2.930391685,"remaining_time":0.4810072498},
{"learn":[0.02912263184],"iteration":859,"passed_time":2.933545074,"remaining_time":0.4775538493},
{"learn":[0.02908740734],"iteration":860,"passed_time":2.938185703,"remaining_time":0.4743412458},
{"learn":[0.02904442796],"iteration":861,"passed_time":2.941379848,"remaining_time":0.4708937576},
{"learn":[0.02901048016],"iteration":862,"passed_time":2.944490409,"remaining_time":0.4674335875},
{"learn":[0.02898163319],"iteration":863,"passed_time":2.947541994,"remaining_time":0.4639649435},
{"learn":[0.0289725073],"iteration":864,"passed_time":2.950894471,"remaining_time":0.4605442238},
{"learn":[0.02893692469],"iteration":865,"passed_time":2.954970296,"remaining_time":0.4572355885},
{"learn":[0.02892428606],"iteration":866,"passed_time":2.957902865,"remaining_time":0.4537498052},
{"learn":[0.02886846074],"iteration":867,"passed_time":2.960919554,"remaining_time":0.4502780889},
{"learn":[0.0288513391],"iteration":868,"passed_time":2.963846454,"remaining_time":0.4467938844},
{"learn":[0.02884130545],"iteration":869,"passed_time":2.967440527,"remaining_time":0.4434106535},
{"learn":[0.02882430248],"iteration":870,"passed_time":2.971187415,"remaining_time":0.4400495712},
{"learn":[0.02877917253],"iteration":871,"passed_time":2.975185308,"remaining_time":0.4367244489},
{"learn":[0.02875568054],"iteration":872,"passed_time":2.978259985,"remaining_time":0.4332634801},
{"learn":[0.02874587857],"iteration":873,"passed_time":2.981036868,"remaining_time":0.4297604637},
{"learn":[0.02873301368],"iteration":874,"passed_time":2.985348523,"remaining_time":0.4264783605},
{"learn":[0.02870570017],"iteration":875,"passed_time":2.988497478,"remaining_time":0.4230293234},
{"learn":[0.02868810375],"iteration":876,"passed_time":2.991377249,"remaining_time":0.4195432174},
{"learn":[0.02867917952],"iteration":877,"passed_time":2.994331626,"remaining_time":0.4160688591},
{"learn":[0.02864876707],"iteration":878,"passed_time":2.997510574,"remaining_time":0.4126265978},
{"learn":[0.0286184734],"iteration":879,"passed_time":3.002264021,"remaining_time":0.4093996393},
{"learn":[0.02860216735],"iteration":880,"passed_time":3.005245848,"remaining_time":0.4059299158},
{"learn":[0.02857031067],"iteration":881,"passed_time":3.008324593,"remaining_time":0.4024742652},
{"learn":[0.02854342449],"iteration":882,"passed_time":3.01134645,"remaining_time":0.3990119306},
{"learn":[0.02850334404],"iteration":883,"passed_time":3.014508794,"remaining_time":0.3955690273},
{"learn":[0.02848924553],"iteration":884,"passed_time":3.018663656,"remaining_time":0.3922557293},
{"learn":[0.02846533551],"iteration":885,"passed_time":3.02165099,"remaining_time":0.388790308},
{"learn":[0.02843364435],"iteration":886,"passed_time":3.024672821,"remaining_time":0.3853303594},
{"learn":[0.02839902789],"iteration":887,"passed_time":3.027896995,"remaining_time":0.3818969183},
{"learn":[0.02835886656],"iteration":888,"passed_time":3.031599118,"remaining_time":0.3785236245},
{"learn":[0.02830894646],"iteration":889,"passed_time":3.035262981,"remaining_time":0.3751448628},
{"learn":[0.02824514434],"iteration":890,"passed_time":3.038315545,"remaining_time":0.3716906783},
{"learn":[0.02821970486],"iteration":891,"passed_time":3.041274694,"remaining_time":0.368226084},
{"learn":[0.0281955594],"iteration":892,"passed_time":3.044268093,"remaining_time":0.3647667256},
{"learn":[0.02816995417],"iteration":893,"passed_time":3.049112753,"remaining_time":0.3615279103},
{"learn":[0.02812653426],"iteration":894,"passed_time":3.05228773,"remaining_time":0.358089622},
{"learn":[0.02810419502],"iteration":895,"passed_time":3.055182712,"remaining_time":0.3546194219},
{"learn":[0.02806650493],"iteration":896,"passed_time":3.058202861,"remaining_time":0.351164877},
{"learn":[0.02803386433],"iteration":897,"passed_time":3.061541972,"remaining_time":0.3477475291},
{"learn":[0.0280178447],"iteration":898,"passed_time":3.065734415,"remaining_time":0.3444262246},
{"learn":[0.02798392716],"iteration":899,"passed_time":3.069848006,"remaining_time":0.3410942229},
{"learn":[0.02794584882],"iteration":900,"passed_time":3.073596421,"remaining_time":0.3377203615},
{"learn":[0.02791548758],"iteration":901,"passed_time":3.076641033,"remaining_time":0.3342692031},
{"learn":[0.02785440699],"iteration":902,"passed_time":3.080811816,"remaining_time":0.3309399182},
{"learn":[0.02782520414],"iteration":903,"passed_time":3.084303505,"remaining_time":0.3275366554},
{"learn":[0.02780108881],"iteration":904,"passed_time":3.087267428,"remaining_time":0.3240777963},
{"learn":[0.02777502199],"iteration":905,"passed_time":3.090247133,"remaining_time":0.3206216672},
{"learn":[0.02773969001],"iteration":906,"passed_time":3.093601941,"remaining_time":0.3172050501},
{"learn":[0.02770265328],"iteration":907,"passed_time":3.098124576,"remaining_time":0.3139068953},
{"learn":[0.0276749441],"iteration":908,"passed_time":3.101193394,"remaining_time":0.3104605048},
{"learn":[0.0276618081],"iteration":909,"passed_time":3.104163394,"remaining_time":0.3070051709},
{"learn":[0.02762601817],"iteration":910,"passed_time":3.10744127,"remaining_time":0.3035809803},
{"learn":[0.02757680429],"iteration":911,"passed_time":3.110592182,"remaining_time":0.3001448597},
{"learn":[0.02753306442],"iteration":912,"passed_time":3.114928545,"remaining_time":0.2968223258},
{"learn":[0.02749206808],"iteration":913,"passed_time":3.117999072,"remaining_time":0.2933784685},
{"learn":[0.02745617468],"iteration":914,"passed_time":3.121320394,"remaining_time":0.2899587251},
{"learn":[0.02741381122],"iteration":915,"passed_time":3.124387774,"remaining_time":0.2865159094},
{"learn":[0.02738712305],"iteration":916,"passed_time":3.127590699,"remaining_time":0.2830861811},
{"learn":[0.02735476699],"iteration":917,"passed_time":3.131971619,"remaining_time":0.2797621707},
{"learn":[0.02733464695],"iteration":918,"passed_time":3.13506212,"remaining_time":0.2763221237},
{"learn":[0.02728918867],"iteration":919,"passed_time":3.139445001,"remaining_time":0.2729952175},
{"learn":[0.02726444623],"iteration":920,"passed_time":3.142597142,"remaining_time":0.2695604497},
{"learn":[0.02723840778],"iteration":921,"passed_time":3.146694348,"remaining_time":0.2662062464},
{"learn":[0.02720629282],"iteration":922,"passed_time":3.149793384,"remaining_time":0.262767162},
{"learn":[0.02720061586],"iteration":923,"passed_time":3.152974359,"remaining_time":0.2593355534},
{"learn":[0.02719570351],"iteration":924,"passed_time":3.15594505,"remaining_time":0.2558874365},
{"learn":[0.02716145835],"iteration":925,"passed_time":3.159034015,"remaining_time":0.2524498025},
{"learn":[0.02712189788],"iteration":926,"passed_time":3.163222954,"remaining_time":0.2490995422},
{"learn":[0.02708972653],"iteration":927,"passed_time":3.166125104,"remaining_time":0.2456476374},
{"learn":[0.02704396122],"iteration":928,"passed_time":3.169263709,"remaining_time":0.2422149874},
{"learn":[0.02701083867],"iteration":929,"passed_time":3.172386666,"remaining_time":0.238781792},
{"learn":[0.02697548774],"iteration":930,"passed_time":3.175512713,"remaining_time":0.2353494922},
{"learn":[0.0269444955],"iteration":931,"passed_time":3.179575607,"remaining_time":0.2319862031},
{"learn":[0.02690653029],"iteration":932,"passed_time":3.183893571,"remaining_time":0.2286397312},
{"learn":[0.02687803178],"iteration":933,"passed_time":3.187527082,"remaining_time":0.2252428131},
{"learn":[0.02684862928],"iteration":934,"passed_time":3.190806785,"remaining_time":0.2218207925},
{"learn":[0.02683301438],"iteration":935,"passed_time":3.194822631,"remaining_time":0.2184494107},
{"learn":[0.02680394738],"iteration":936,"passed_time":3.198136788,"remaining_time":0.2150294745},
{"learn":[0.02677128042],"iteration":937,"passed_time":3.201394152,"remaining_time":0.2116060101},
{"learn":[0.02671586759],"iteration":938,"passed_time":3.204509555,"remaining_time":0.2081736771},
{"learn":[0.02667274894],"iteration":939,"passed_time":3.207556938,"remaining_time":0.2047376769},
{"learn":[0.02663886531],"iteration":940,"passed_time":3.211063086,"remaining_time":0.2013312668},
{"learn":[0.02661054221],"iteration":941,"passed_time":3.214265298,"remaining_time":0.1979059313},
{"learn":[0.02658257675],"iteration":942,"passed_time":3.217356742,"remaining_time":0.1944743736},
{"learn":[0.02655042046],"iteration":943,"passed_time":3.220411321,"remaining_time":0.1910413495},
{"learn":[0.02653505243],"iteration":944,"passed_time":3.223446345,"remaining_time":0.1876079883},
{"learn":[0.0265153277],"iteration":945,"passed_time":3.227981794,"remaining_time":0.1842611172},
{"learn":[0.02647815559],"iteration":946,"passed_time":3.231107685,"remaining_time":0.1808328482},
{"learn":[0.02644817859],"iteration":947,"passed_time":3.234101519,"remaining_time":0.1773979736},
{"learn":[0.02640643871],"iteration":948,"passed_time":3.237046691,"remaining_time":0.1739614133},
{"learn":[0.02636565569],"iteration":949,"passed_time":3.240190027,"remaining_time":0.1705363172},
{"learn":[0.02635619264],"iteration":950,"passed_time":3.244816326,"remaining_time":0.1671882229},
{"learn":[0.02634740756],"iteration":951,"passed_time":3.247809739,"remaining_time":0.1637551129},
{"learn":[0.02632428463],"iteration":952,"passed_time":3.250939328,"remaining_time":0.1603296416},
{"learn":[0.02627941626],"iteration":953,"passed_time":3.254041296,"remaining_time":0.1569034587},
{"learn":[0.02623289],"iteration":954,"passed_time":3.257528044,"remaining_time":0.1534960858},
{"learn":[0.02620280564],"iteration":955,"passed_time":3.261017889,"remaining_time":0.1500886894},
{"learn":[0.02617173959],"iteration":956,"passed_time":3.264120778,"remaining_time":0.146663734},
{"learn":[0.0261479088],"iteration":957,"passed_time":3.267170327,"remaining_time":0.1432371124},
{"learn":[0.02611492928],"iteration":958,"passed_time":3.270054477,"remaining_time":0.139804206},
{"learn":[0.02607857252],"iteration":959,"passed_time":3.274030006,"remaining_time":0.1364179169},
{"learn":[0.02606334387],"iteration":960,"passed_time":3.277670909,"remaining_time":0.1330168215},
{"learn":[0.02602305234],"iteration":961,"passed_time":3.281738572,"remaining_time":0.129632085},
{"learn":[0.02599703272],"iteration":962,"passed_time":3.284736581,"remaining_time":0.1262048323},
{"learn":[0.02596463523],"iteration":963,"passed_time":3.287772223,"remaining_time":0.1227798755},
{"learn":[0.0259270545],"iteration":964,"passed_time":3.291886205,"remaining_time":0.1193948365},
{"learn":[0.0258854334],"iteration":965,"passed_time":3.294998119,"remaining_time":0.1159730187},
{"learn":[0.02584380065],"iteration":966,"passed_time":3.297952331,"remaining_time":0.1125464601},
{"learn":[0.02582028253],"iteration":967,"passed_time":3.3008844,"remaining_time":0.1091201455},
{"learn":[0.02577711856],"iteration":968,"passed_time":3.304081552,"remaining_time":0.1057033314},
{"learn":[0.02574828312],"iteration":969,"passed_time":3.308329396,"remaining_time":0.1023194659},
{"learn":[0.02569499873],"iteration":970,"passed_time":3.311487804,"remaining_time":0.09890128353},
{"learn":[0.02565368454],"iteration":971,"passed_time":3.314577704,"remaining_time":0.09548166225},
{"learn":[0.02560845629],"iteration":972,"passed_time":3.317609778,"remaining_time":0.09206111409},
{"learn":[0.02554028229],"iteration":973,"passed_time":3.321056544,"remaining_time":0.0886524334},
{"learn":[0.02552968157],"iteration":974,"passed_time":3.325806611,"remaining_time":0.08527709259},
{"learn":[0.02550810729],"iteration":975,"passed_time":3.328756559,"remaining_time":0.08185466949},
{"learn":[0.02548521252],"iteration":976,"passed_time":3.331705011,"remaining_time":0.07843317834},
{"learn":[0.02546119125],"iteration":977,"passed_time":3.334772265,"remaining_time":0.07501532703},
{"learn":[0.02543421866],"iteration":978,"passed_time":3.338951376,"remaining_time":0.07162204177},
{"learn":[0.02541334496],"iteration":979,"passed_time":3.342190824,"remaining_time":0.068207976},
{"learn":[0.02538007737],"iteration":980,"passed_time":3.345175921,"remaining_time":0.06478933996},
{"learn":[0.02534806789],"iteration":981,"passed_time":3.34821175,"remaining_time":0.0613725168},
{"learn":[0.0253140205],"iteration":982,"passed_time":3.351323982,"remaining_time":0.05795779012},
{"learn":[0.02528500377],"iteration":983,"passed_time":3.355554575,"remaining_time":0.05456186301},
{"learn":[0.02525194326],"iteration":984,"passed_time":3.358740328,"remaining_time":0.05114832987},
{"learn":[0.02521521932],"iteration":985,"passed_time":3.361833654,"remaining_time":0.0477339464},
{"learn":[0.02516259619],"iteration":986,"passed_time":3.365087413,"remaining_time":0.04432232661},
{"learn":[0.02513648416],"iteration":987,"passed_time":3.368121956,"remaining_time":0.04090836384},
{"learn":[0.02509886741],"iteration":988,"passed_time":3.372197401,"remaining_time":0.03750674561},
{"learn":[0.02505716343],"iteration":989,"passed_time":3.375995498,"remaining_time":0.03410096463},
{"learn":[0.0250188799],"iteration":990,"passed_time":3.379424148,"remaining_time":0.03069103666},
{"learn":[0.02499545949],"iteration":991,"passed_time":3.382531557,"remaining_time":0.0272784803},
{"learn":[0.02496284362],"iteration":992,"passed_time":3.385739472,"remaining_time":0.02386724703},
{"learn":[0.02492981348],"iteration":993,"passed_time":3.389535441,"remaining_time":0.02045997248},
{"learn":[0.02489335536],"iteration":994,"passed_time":3.39252831,"remaining_time":0.01704788095},
{"learn":[0.02486213133],"iteration":995,"passed_time":3.395785999,"remaining_time":0.01363769478},
{"learn":[0.02482955901],"iteration":996,"passed_time":3.39878589,"remaining_time":0.01022703879},
{"learn":[0.02482031057],"iteration":997,"passed_time":3.401787413,"remaining_time":0.006817209245},
{"learn":[0.02480563569],"iteration":998,"passed_time":3.405338781,"remaining_time":0.003408747529},
{"learn":[0.02478376369],"iteration":999,"passed_time":3.408357137,"remaining_time":0}
]}